"lot_number","qc_name","analyte","concentration","unit","qc_type","manufacturer","cat_number","expiration_date","preparation_date","note"
"A00C0646","V-PLEX Cytokine P1 QC1 (H)","GM-CSF","394","pg/ml","Purchased","Mesoscale","C4050-1","","",""
"A00C0646","V-PLEX Cytokine P1 QC1 (H)","IL-1a","174","pg/ml","Purchased","Mesoscale","C4050-1","","",""
"A00C0646","V-PLEX Cytokine P1 QC1 (H)","IL-5","326","pg/ml","Purchased","Mesoscale","C4050-1","","",""
"A00C0646","V-PLEX Cytokine P1 QC1 (H)","IL-7","342","pg/ml","Purchased","Mesoscale","C4050-1","","",""
"A00C0646","V-PLEX Cytokine P1 QC1 (H)","IL-12/23p40","1320","pg/ml","Purchased","Mesoscale","C4050-1","","",""
"A00C0646","V-PLEX Cytokine P1 QC1 (H)","IL-15","259","pg/ml","Purchased","Mesoscale","C4050-1","","",""
"A00C0646","V-PLEX Cytokine P1 QC1 (H)","IL-16","1270","pg/ml","Purchased","Mesoscale","C4050-1","","",""
"A00C0646","V-PLEX Cytokine P1 QC1 (H)","IL-17A","2590","pg/ml","Purchased","Mesoscale","C4050-1","","",""
"A00C0646","V-PLEX Cytokine P1 QC1 (H)","TNF-b","241","pg/ml","Purchased","Mesoscale","C4050-1","","",""
"A00C0646","V-PLEX Cytokine P1 QC1 (H)","VEGF","472","pg/ml","Purchased","Mesoscale","C4050-1","","",""
"A00C0647","V-PLEX Cytokine P1 QC2 (M)","GM-CSF","61.7","pg/ml","Purchased","Mesoscale","C4050-1","","",""
"A00C0647","V-PLEX Cytokine P1 QC2 (M)","IL-1a","57.6","pg/ml","Purchased","Mesoscale","C4050-1","","",""
"A00C0647","V-PLEX Cytokine P1 QC2 (M)","IL-5","103","pg/ml","Purchased","Mesoscale","C4050-1","","",""
"A00C0647","V-PLEX Cytokine P1 QC2 (M)","IL-7","52.4","pg/ml","Purchased","Mesoscale","C4050-1","","",""
"A00C0647","V-PLEX Cytokine P1 QC2 (M)","IL-12/23p40","190","pg/ml","Purchased","Mesoscale","C4050-1","","",""
"A00C0647","V-PLEX Cytokine P1 QC2 (M)","IL-15","40.7","pg/ml","Purchased","Mesoscale","C4050-1","","",""
"A00C0647","V-PLEX Cytokine P1 QC2 (M)","IL-16","349","pg/ml","Purchased","Mesoscale","C4050-1","","",""
"A00C0647","V-PLEX Cytokine P1 QC2 (M)","IL-17A","374","pg/ml","Purchased","Mesoscale","C4050-1","","",""
"A00C0647","V-PLEX Cytokine P1 QC2 (M)","TNF-b","38.2","pg/ml","Purchased","Mesoscale","C4050-1","","",""
"A00C0647","V-PLEX Cytokine P1 QC2 (M)","VEGF","143","pg/ml","Purchased","Mesoscale","C4050-1","","",""
"A00C0648","V-PLEX Cytokine P1 QC3 (L)","GM-CSF","8.11","pg/ml","Purchased","Mesoscale","C4050-1","","",""
"A00C0648","V-PLEX Cytokine P1 QC3 (L)","IL-1a","17.1","pg/ml","Purchased","Mesoscale","C4050-1","","",""
"A00C0648","V-PLEX Cytokine P1 QC3 (L)","IL-5","32.2","pg/ml","Purchased","Mesoscale","C4050-1","","",""
"A00C0648","V-PLEX Cytokine P1 QC3 (L)","IL-7","8.16","pg/ml","Purchased","Mesoscale","C4050-1","","",""
"A00C0648","V-PLEX Cytokine P1 QC3 (L)","IL-12/23p40","30.4","pg/ml","Purchased","Mesoscale","C4050-1","","",""
"A00C0648","V-PLEX Cytokine P1 QC3 (L)","IL-15","7.82","pg/ml","Purchased","Mesoscale","C4050-1","","",""
"A00C0648","V-PLEX Cytokine P1 QC3 (L)","IL-16","94.7","pg/ml","Purchased","Mesoscale","C4050-1","","",""
"A00C0648","V-PLEX Cytokine P1 QC3 (L)","IL-17A","58.6","pg/ml","Purchased","Mesoscale","C4050-1","","",""
"A00C0648","V-PLEX Cytokine P1 QC3 (L)","TNF-b","5.97","pg/ml","Purchased","Mesoscale","C4050-1","","",""
"A00C0648","V-PLEX Cytokine P1 QC3 (L)","VEGF","49.6","pg/ml","Purchased","Mesoscale","C4050-1","","",""
"A00C0614","V-PLEX Proinfammatory P1  QC1 (H)","IFN-g","512","pg/ml","Purchased","Mesoscale","C4049-1","","",""
"A00C0614","V-PLEX Proinfammatory P1  QC1 (H)","IL-1b","203","pg/ml","Purchased","Mesoscale","C4049-1","","",""
"A00C0614","V-PLEX Proinfammatory P1  QC1 (H)","IL-2","390","pg/ml","Purchased","Mesoscale","C4049-1","","",""
"A00C0614","V-PLEX Proinfammatory P1  QC1 (H)","IL-4","102","pg/ml","Purchased","Mesoscale","C4049-1","","",""
"A00C0614","V-PLEX Proinfammatory P1  QC1 (H)","IL-6","264","pg/ml","Purchased","Mesoscale","C4049-1","","",""
"A00C0614","V-PLEX Proinfammatory P1  QC1 (H)","IL-8","235","pg/ml","Purchased","Mesoscale","C4049-1","","",""
"A00C0614","V-PLEX Proinfammatory P1  QC1 (H)","IL-10","133","pg/ml","Purchased","Mesoscale","C4049-1","","",""
"A00C0614","V-PLEX Proinfammatory P1  QC1 (H)","IL-12p70","186","pg/ml","Purchased","Mesoscale","C4049-1","","",""
"A00C0614","V-PLEX Proinfammatory P1  QC1 (H)","IL-13","170","pg/ml","Purchased","Mesoscale","C4049-1","","",""
"A00C0614","V-PLEX Proinfammatory P1  QC1 (H)","TNF-a","92","pg/ml","Purchased","Mesoscale","C4049-1","","",""
"A00C0615","V-PLEX Proinfammatory P1  QC2 (M)","IFN-g","132","pg/ml","Purchased","Mesoscale","C4049-1","","",""
"A00C0615","V-PLEX Proinfammatory P1  QC2 (M)","IL-1b","47.1","pg/ml","Purchased","Mesoscale","C4049-1","","",""
"A00C0615","V-PLEX Proinfammatory P1  QC2 (M)","IL-2","38.3","pg/ml","Purchased","Mesoscale","C4049-1","","",""
"A00C0615","V-PLEX Proinfammatory P1  QC2 (M)","IL-4","20","pg/ml","Purchased","Mesoscale","C4049-1","","",""
"A00C0615","V-PLEX Proinfammatory P1  QC2 (M)","IL-6","46.8","pg/ml","Purchased","Mesoscale","C4049-1","","",""
"A00C0615","V-PLEX Proinfammatory P1  QC2 (M)","IL-8","36.2","pg/ml","Purchased","Mesoscale","C4049-1","","",""
"A00C0615","V-PLEX Proinfammatory P1  QC2 (M)","IL-10","25.3","pg/ml","Purchased","Mesoscale","C4049-1","","",""
"A00C0615","V-PLEX Proinfammatory P1  QC2 (M)","IL-12p70","35.6","pg/ml","Purchased","Mesoscale","C4049-1","","",""
"A00C0615","V-PLEX Proinfammatory P1  QC2 (M)","IL-13","43.8","pg/ml","Purchased","Mesoscale","C4049-1","","",""
"A00C0615","V-PLEX Proinfammatory P1  QC2 (M)","TNF-a","17.2","pg/ml","Purchased","Mesoscale","C4049-1","","",""
"A00C0616","V-PLEX Proinfammatory P1  QC3 (L)","IFN-g","40.9","pg/ml","Purchased","Mesoscale","C4049-1","","",""
"A00C0616","V-PLEX Proinfammatory P1  QC3 (L)","IL-1b","10.9","pg/ml","Purchased","Mesoscale","C4049-1","","",""
"A00C0616","V-PLEX Proinfammatory P1  QC3 (L)","IL-2","3.34","pg/ml","Purchased","Mesoscale","C4049-1","","",""
"A00C0616","V-PLEX Proinfammatory P1  QC3 (L)","IL-4","3.05","pg/ml","Purchased","Mesoscale","C4049-1","","",""
"A00C0616","V-PLEX Proinfammatory P1  QC3 (L)","IL-6","8.18","pg/ml","Purchased","Mesoscale","C4049-1","","",""
"A00C0616","V-PLEX Proinfammatory P1  QC3 (L)","IL-8","5.93","pg/ml","Purchased","Mesoscale","C4049-1","","",""
"A00C0616","V-PLEX Proinfammatory P1  QC3 (L)","IL-10","3.32","pg/ml","Purchased","Mesoscale","C4049-1","","",""
"A00C0616","V-PLEX Proinfammatory P1  QC3 (L)","IL-12p70","6.99","pg/ml","Purchased","Mesoscale","C4049-1","","",""
"A00C0616","V-PLEX Proinfammatory P1  QC3 (L)","IL-13","12.7","pg/ml","Purchased","Mesoscale","C4049-1","","",""
"A00C0616","V-PLEX Proinfammatory P1  QC3 (L)","TNF-a","2.53","pg/ml","Purchased","Mesoscale","C4049-1","","",""
"Prep20200923_Metabo-H","U-PLEX Metabolic G1 (IP-10, IL-1RA, and BDNF)  QC1 (H)","IP-10","566.6666667","pg/ml","Purchased","Mesoscale","Ry_MSD_Metabo","","","3 Calibrators were used. Fin the cat Nº."
"Prep20200923_Metabo-H","U-PLEX Metabolic G1 (IP-10, IL-1RA, and BDNF)  QC1 (H)","Eotaxin","329.4444444","pg/ml","Purchased","Mesoscale","Ry_MSD_Metabo","","","3 Calibrators were used. Fin the cat Nº."
"Prep20200923_Metabo-H","U-PLEX Metabolic G1 (IP-10, IL-1RA, and BDNF)  QC1 (H)","Eotaxin-3","1105.555556","pg/ml","Purchased","Mesoscale","Ry_MSD_Metabo","","","3 Calibrators were used. Fin the cat Nº."
"Prep20200923_Metabo-H","U-PLEX Metabolic G1 (IP-10, IL-1RA, and BDNF)  QC1 (H)","MCP-1","300","pg/ml","Purchased","Mesoscale","Ry_MSD_Metabo","","","3 Calibrators were used. Fin the cat Nº."
"Prep20200923_Metabo-H","U-PLEX Metabolic G1 (IP-10, IL-1RA, and BDNF)  QC1 (H)","MCP-4","232.7777778","pg/ml","Purchased","Mesoscale","Ry_MSD_Metabo","","","3 Calibrators were used. Fin the cat Nº."
"Prep20200923_Metabo-H","U-PLEX Metabolic G1 (IP-10, IL-1RA, and BDNF)  QC1 (H)","MDC","1244.444444","pg/ml","Purchased","Mesoscale","Ry_MSD_Metabo","","","3 Calibrators were used. Fin the cat Nº."
"Prep20200923_Metabo-H","U-PLEX Metabolic G1 (IP-10, IL-1RA, and BDNF)  QC1 (H)","MIP-1a","372.2222222","pg/ml","Purchased","Mesoscale","Ry_MSD_Metabo","","","3 Calibrators were used. Fin the cat Nº."
"Prep20200923_Metabo-H","U-PLEX Metabolic G1 (IP-10, IL-1RA, and BDNF)  QC1 (H)","MIP-1b","101.6666667","pg/ml","Purchased","Mesoscale","Ry_MSD_Metabo","","","3 Calibrators were used. Fin the cat Nº."
"Prep20200923_Metabo-H","U-PLEX Metabolic G1 (IP-10, IL-1RA, and BDNF)  QC1 (H)","TARC","158.3333333","pg/ml","Purchased","Mesoscale","Ry_MSD_Metabo","","","3 Calibrators were used. Fin the cat Nº."
"Prep20200923_Metabo-H","U-PLEX Metabolic G1 (IP-10, IL-1RA, and BDNF)  QC1 (H)","IL-1RA","267.7777778","pg/ml","Purchased","Mesoscale","Ry_MSD_Metabo","","","3 Calibrators were used. Fin the cat Nº."
"Prep20200923_Metabo-H","U-PLEX Metabolic G1 (IP-10, IL-1RA, and BDNF)  QC1 (H)","EPO","1100","pg/ml","Purchased","Mesoscale","Ry_MSD_Metabo","","","3 Calibrators were used. Fin the cat Nº."
"Prep20200923_Metabo-H","U-PLEX Metabolic G1 (IP-10, IL-1RA, and BDNF)  QC1 (H)","FLT3L","365.5555556","pg/ml","Purchased","Mesoscale","Ry_MSD_Metabo","","","3 Calibrators were used. Fin the cat Nº."
"Prep20200923_Metabo-H","U-PLEX Metabolic G1 (IP-10, IL-1RA, and BDNF)  QC1 (H)","IFN-b","5777.777778","pg/ml","Purchased","Mesoscale","Ry_MSD_Metabo","","","3 Calibrators were used. Fin the cat Nº."
"Prep20200923_Metabo-H","U-PLEX Metabolic G1 (IP-10, IL-1RA, and BDNF)  QC1 (H)","IL-3","833.3333333","pg/ml","Purchased","Mesoscale","Ry_MSD_Metabo","","","3 Calibrators were used. Fin the cat Nº."
"Prep20200923_Metabo-H","U-PLEX Metabolic G1 (IP-10, IL-1RA, and BDNF)  QC1 (H)","IL-9","71.11111111","pg/ml","Purchased","Mesoscale","Ry_MSD_Metabo","","","3 Calibrators were used. Fin the cat Nº."
"Prep20200923_Metabo-H","U-PLEX Metabolic G1 (IP-10, IL-1RA, and BDNF)  QC1 (H)","IL-17B","247.2222222","pg/ml","Purchased","Mesoscale","Ry_MSD_Metabo","","","3 Calibrators were used. Fin the cat Nº."
"Prep20200923_Metabo-H","U-PLEX Metabolic G1 (IP-10, IL-1RA, and BDNF)  QC1 (H)","IL-17C","1216.666667","pg/ml","Purchased","Mesoscale","Ry_MSD_Metabo","","","3 Calibrators were used. Fin the cat Nº."
"Prep20200923_Metabo-H","U-PLEX Metabolic G1 (IP-10, IL-1RA, and BDNF)  QC1 (H)","IL-17D","2638.888889","pg/ml","Purchased","Mesoscale","Ry_MSD_Metabo","","","3 Calibrators were used. Fin the cat Nº."
"Prep20200923_Metabo-H","U-PLEX Metabolic G1 (IP-10, IL-1RA, and BDNF)  QC1 (H)","IL-2Ra","2816.666667","pg/ml","Purchased","Mesoscale","Ry_MSD_Metabo","","","3 Calibrators were used. Fin the cat Nº."
"Prep20200923_Metabo-H","U-PLEX Metabolic G1 (IP-10, IL-1RA, and BDNF)  QC1 (H)","BDNF","911.1111111","pg/ml","Purchased","Mesoscale","Ry_MSD_Metabo","","","3 Calibrators were used. Fin the cat Nº."
"Prep20200923_Metabo-H","U-PLEX Metabolic G1 (IP-10, IL-1RA, and BDNF)  QC1 (H)","BAFF","227.2222222","pg/ml","Purchased","Mesoscale","Ry_MSD_Metabo","","","3 Calibrators were used. Fin the cat Nº."
"Prep20200923_Metabo-H","U-PLEX Metabolic G1 (IP-10, IL-1RA, and BDNF)  QC1 (H)","b-NGF","242.2222222","pg/ml","Purchased","Mesoscale","Ry_MSD_Metabo","","","3 Calibrators were used. Fin the cat Nº."
"Prep20200923_Metabo-H","U-PLEX Metabolic G1 (IP-10, IL-1RA, and BDNF)  QC1 (H)","FGF-23","1405.555556","pg/ml","Purchased","Mesoscale","Ry_MSD_Metabo","","","3 Calibrators were used. Fin the cat Nº."
"Prep20200923_Metabo-H","U-PLEX Metabolic G1 (IP-10, IL-1RA, and BDNF)  QC1 (H)","LH","15055.55556","pg/ml","Purchased","Mesoscale","Ry_MSD_Metabo","","","3 Calibrators were used. Fin the cat Nº."
"Prep20200923_Metabo-H","U-PLEX Metabolic G1 (IP-10, IL-1RA, and BDNF)  QC1 (H)","FSH","36000","pg/ml","Purchased","Mesoscale","Ry_MSD_Metabo","","","3 Calibrators were used. Fin the cat Nº."
"Prep20200923_Metabo-M","U-PLEX Metabolic G1 (IP-10, IL-1RA, and BDNF)  QC2 (M)","IP-10","56.66666667","pg/ml","Purchased","Mesoscale","Ry_MSD_Metabo","","","3 Calibrators were used. Fin the cat Nº."
"Prep20200923_Metabo-M","U-PLEX Metabolic G1 (IP-10, IL-1RA, and BDNF)  QC2 (M)","Eotaxin","32.94444444","pg/ml","Purchased","Mesoscale","Ry_MSD_Metabo","","","3 Calibrators were used. Fin the cat Nº."
"Prep20200923_Metabo-M","U-PLEX Metabolic G1 (IP-10, IL-1RA, and BDNF)  QC2 (M)","Eotaxin-3","110.5555556","pg/ml","Purchased","Mesoscale","Ry_MSD_Metabo","","","3 Calibrators were used. Fin the cat Nº."
"Prep20200923_Metabo-M","U-PLEX Metabolic G1 (IP-10, IL-1RA, and BDNF)  QC2 (M)","MCP-1","30","pg/ml","Purchased","Mesoscale","Ry_MSD_Metabo","","","3 Calibrators were used. Fin the cat Nº."
"Prep20200923_Metabo-M","U-PLEX Metabolic G1 (IP-10, IL-1RA, and BDNF)  QC2 (M)","MCP-4","23.27777778","pg/ml","Purchased","Mesoscale","Ry_MSD_Metabo","","","3 Calibrators were used. Fin the cat Nº."
"Prep20200923_Metabo-M","U-PLEX Metabolic G1 (IP-10, IL-1RA, and BDNF)  QC2 (M)","MDC","124.4444444","pg/ml","Purchased","Mesoscale","Ry_MSD_Metabo","","","3 Calibrators were used. Fin the cat Nº."
"Prep20200923_Metabo-M","U-PLEX Metabolic G1 (IP-10, IL-1RA, and BDNF)  QC2 (M)","MIP-1a","37.22222222","pg/ml","Purchased","Mesoscale","Ry_MSD_Metabo","","","3 Calibrators were used. Fin the cat Nº."
"Prep20200923_Metabo-M","U-PLEX Metabolic G1 (IP-10, IL-1RA, and BDNF)  QC2 (M)","MIP-1b","10.16666667","pg/ml","Purchased","Mesoscale","Ry_MSD_Metabo","","","3 Calibrators were used. Fin the cat Nº."
"Prep20200923_Metabo-M","U-PLEX Metabolic G1 (IP-10, IL-1RA, and BDNF)  QC2 (M)","TARC","15.83333333","pg/ml","Purchased","Mesoscale","Ry_MSD_Metabo","","","3 Calibrators were used. Fin the cat Nº."
"Prep20200923_Metabo-M","U-PLEX Metabolic G1 (IP-10, IL-1RA, and BDNF)  QC2 (M)","IL-1RA","26.77777778","pg/ml","Purchased","Mesoscale","Ry_MSD_Metabo","","","3 Calibrators were used. Fin the cat Nº."
"Prep20200923_Metabo-M","U-PLEX Metabolic G1 (IP-10, IL-1RA, and BDNF)  QC2 (M)","EPO","110","pg/ml","Purchased","Mesoscale","Ry_MSD_Metabo","","","3 Calibrators were used. Fin the cat Nº."
"Prep20200923_Metabo-M","U-PLEX Metabolic G1 (IP-10, IL-1RA, and BDNF)  QC2 (M)","FLT3L","36.55555556","pg/ml","Purchased","Mesoscale","Ry_MSD_Metabo","","","3 Calibrators were used. Fin the cat Nº."
"Prep20200923_Metabo-M","U-PLEX Metabolic G1 (IP-10, IL-1RA, and BDNF)  QC2 (M)","IFN-b","577.7777778","pg/ml","Purchased","Mesoscale","Ry_MSD_Metabo","","","3 Calibrators were used. Fin the cat Nº."
"Prep20200923_Metabo-M","U-PLEX Metabolic G1 (IP-10, IL-1RA, and BDNF)  QC2 (M)","IL-3","83.33333333","pg/ml","Purchased","Mesoscale","Ry_MSD_Metabo","","","3 Calibrators were used. Fin the cat Nº."
"Prep20200923_Metabo-M","U-PLEX Metabolic G1 (IP-10, IL-1RA, and BDNF)  QC2 (M)","IL-9","7.111111111","pg/ml","Purchased","Mesoscale","Ry_MSD_Metabo","","","3 Calibrators were used. Fin the cat Nº."
"Prep20200923_Metabo-M","U-PLEX Metabolic G1 (IP-10, IL-1RA, and BDNF)  QC2 (M)","IL-17B","24.72222222","pg/ml","Purchased","Mesoscale","Ry_MSD_Metabo","","","3 Calibrators were used. Fin the cat Nº."
"Prep20200923_Metabo-M","U-PLEX Metabolic G1 (IP-10, IL-1RA, and BDNF)  QC2 (M)","IL-17C","121.6666667","pg/ml","Purchased","Mesoscale","Ry_MSD_Metabo","","","3 Calibrators were used. Fin the cat Nº."
"Prep20200923_Metabo-M","U-PLEX Metabolic G1 (IP-10, IL-1RA, and BDNF)  QC2 (M)","IL-17D","263.8888889","pg/ml","Purchased","Mesoscale","Ry_MSD_Metabo","","","3 Calibrators were used. Fin the cat Nº."
"Prep20200923_Metabo-M","U-PLEX Metabolic G1 (IP-10, IL-1RA, and BDNF)  QC2 (M)","IL-2Ra","281.6666667","pg/ml","Purchased","Mesoscale","Ry_MSD_Metabo","","","3 Calibrators were used. Fin the cat Nº."
"Prep20200923_Metabo-M","U-PLEX Metabolic G1 (IP-10, IL-1RA, and BDNF)  QC2 (M)","BDNF","91.11111111","pg/ml","Purchased","Mesoscale","Ry_MSD_Metabo","","","3 Calibrators were used. Fin the cat Nº."
"Prep20200923_Metabo-M","U-PLEX Metabolic G1 (IP-10, IL-1RA, and BDNF)  QC2 (M)","BAFF","22.72222222","pg/ml","Purchased","Mesoscale","Ry_MSD_Metabo","","","3 Calibrators were used. Fin the cat Nº."
"Prep20200923_Metabo-M","U-PLEX Metabolic G1 (IP-10, IL-1RA, and BDNF)  QC2 (M)","b-NGF","24.22222222","pg/ml","Purchased","Mesoscale","Ry_MSD_Metabo","","","3 Calibrators were used. Fin the cat Nº."
"Prep20200923_Metabo-M","U-PLEX Metabolic G1 (IP-10, IL-1RA, and BDNF)  QC2 (M)","FGF-23","140.5555556","pg/ml","Purchased","Mesoscale","Ry_MSD_Metabo","","","3 Calibrators were used. Fin the cat Nº."
"Prep20200923_Metabo-M","U-PLEX Metabolic G1 (IP-10, IL-1RA, and BDNF)  QC2 (M)","LH","1505.555556","pg/ml","Purchased","Mesoscale","Ry_MSD_Metabo","","","3 Calibrators were used. Fin the cat Nº."
"Prep20200923_Metabo-M","U-PLEX Metabolic G1 (IP-10, IL-1RA, and BDNF)  QC2 (M)","FSH","3600","pg/ml","Purchased","Mesoscale","Ry_MSD_Metabo","","","3 Calibrators were used. Fin the cat Nº."
"Prep20200923_Metabo-L","U-PLEX Metabolic G1 (IP-10, IL-1RA, and BDNF)  QC3 (L)","IP-10","5.666666667","pg/ml","Purchased","Mesoscale","Ry_MSD_Metabo","","","3 Calibrators were used. Fin the cat Nº."
"Prep20200923_Metabo-L","U-PLEX Metabolic G1 (IP-10, IL-1RA, and BDNF)  QC3 (L)","Eotaxin","3.294444444","pg/ml","Purchased","Mesoscale","Ry_MSD_Metabo","","","3 Calibrators were used. Fin the cat Nº."
"Prep20200923_Metabo-L","U-PLEX Metabolic G1 (IP-10, IL-1RA, and BDNF)  QC3 (L)","Eotaxin-3","11.05555556","pg/ml","Purchased","Mesoscale","Ry_MSD_Metabo","","","3 Calibrators were used. Fin the cat Nº."
"Prep20200923_Metabo-L","U-PLEX Metabolic G1 (IP-10, IL-1RA, and BDNF)  QC3 (L)","MCP-1","3","pg/ml","Purchased","Mesoscale","Ry_MSD_Metabo","","","3 Calibrators were used. Fin the cat Nº."
"Prep20200923_Metabo-L","U-PLEX Metabolic G1 (IP-10, IL-1RA, and BDNF)  QC3 (L)","MCP-4","2.327777778","pg/ml","Purchased","Mesoscale","Ry_MSD_Metabo","","","3 Calibrators were used. Fin the cat Nº."
"Prep20200923_Metabo-L","U-PLEX Metabolic G1 (IP-10, IL-1RA, and BDNF)  QC3 (L)","MDC","12.44444444","pg/ml","Purchased","Mesoscale","Ry_MSD_Metabo","","","3 Calibrators were used. Fin the cat Nº."
"Prep20200923_Metabo-L","U-PLEX Metabolic G1 (IP-10, IL-1RA, and BDNF)  QC3 (L)","MIP-1a","3.722222222","pg/ml","Purchased","Mesoscale","Ry_MSD_Metabo","","","3 Calibrators were used. Fin the cat Nº."
"Prep20200923_Metabo-L","U-PLEX Metabolic G1 (IP-10, IL-1RA, and BDNF)  QC3 (L)","MIP-1b","1.016666667","pg/ml","Purchased","Mesoscale","Ry_MSD_Metabo","","","3 Calibrators were used. Fin the cat Nº."
"Prep20200923_Metabo-L","U-PLEX Metabolic G1 (IP-10, IL-1RA, and BDNF)  QC3 (L)","TARC","1.583333333","pg/ml","Purchased","Mesoscale","Ry_MSD_Metabo","","","3 Calibrators were used. Fin the cat Nº."
"Prep20200923_Metabo-L","U-PLEX Metabolic G1 (IP-10, IL-1RA, and BDNF)  QC3 (L)","IL-1RA","2.677777778","pg/ml","Purchased","Mesoscale","Ry_MSD_Metabo","","","3 Calibrators were used. Fin the cat Nº."
"Prep20200923_Metabo-L","U-PLEX Metabolic G1 (IP-10, IL-1RA, and BDNF)  QC3 (L)","EPO","11","pg/ml","Purchased","Mesoscale","Ry_MSD_Metabo","","","3 Calibrators were used. Fin the cat Nº."
"Prep20200923_Metabo-L","U-PLEX Metabolic G1 (IP-10, IL-1RA, and BDNF)  QC3 (L)","FLT3L","3.655555556","pg/ml","Purchased","Mesoscale","Ry_MSD_Metabo","","","3 Calibrators were used. Fin the cat Nº."
"Prep20200923_Metabo-L","U-PLEX Metabolic G1 (IP-10, IL-1RA, and BDNF)  QC3 (L)","IFN-b","57.77777778","pg/ml","Purchased","Mesoscale","Ry_MSD_Metabo","","","3 Calibrators were used. Fin the cat Nº."
"Prep20200923_Metabo-L","U-PLEX Metabolic G1 (IP-10, IL-1RA, and BDNF)  QC3 (L)","IL-3","8.333333333","pg/ml","Purchased","Mesoscale","Ry_MSD_Metabo","","","3 Calibrators were used. Fin the cat Nº."
"Prep20200923_Metabo-L","U-PLEX Metabolic G1 (IP-10, IL-1RA, and BDNF)  QC3 (L)","IL-9","0.711111111","pg/ml","Purchased","Mesoscale","Ry_MSD_Metabo","","","3 Calibrators were used. Fin the cat Nº."
"Prep20200923_Metabo-L","U-PLEX Metabolic G1 (IP-10, IL-1RA, and BDNF)  QC3 (L)","IL-17B","2.472222222","pg/ml","Purchased","Mesoscale","Ry_MSD_Metabo","","","3 Calibrators were used. Fin the cat Nº."
"Prep20200923_Metabo-L","U-PLEX Metabolic G1 (IP-10, IL-1RA, and BDNF)  QC3 (L)","IL-17C","12.16666667","pg/ml","Purchased","Mesoscale","Ry_MSD_Metabo","","","3 Calibrators were used. Fin the cat Nº."
"Prep20200923_Metabo-L","U-PLEX Metabolic G1 (IP-10, IL-1RA, and BDNF)  QC3 (L)","IL-17D","26.38888889","pg/ml","Purchased","Mesoscale","Ry_MSD_Metabo","","","3 Calibrators were used. Fin the cat Nº."
"Prep20200923_Metabo-L","U-PLEX Metabolic G1 (IP-10, IL-1RA, and BDNF)  QC3 (L)","IL-2Ra","28.16666667","pg/ml","Purchased","Mesoscale","Ry_MSD_Metabo","","","3 Calibrators were used. Fin the cat Nº."
"Prep20200923_Metabo-L","U-PLEX Metabolic G1 (IP-10, IL-1RA, and BDNF)  QC3 (L)","BDNF","9.111111111","pg/ml","Purchased","Mesoscale","Ry_MSD_Metabo","","","3 Calibrators were used. Fin the cat Nº."
"Prep20200923_Metabo-L","U-PLEX Metabolic G1 (IP-10, IL-1RA, and BDNF)  QC3 (L)","BAFF","2.272222222","pg/ml","Purchased","Mesoscale","Ry_MSD_Metabo","","","3 Calibrators were used. Fin the cat Nº."
"Prep20200923_Metabo-L","U-PLEX Metabolic G1 (IP-10, IL-1RA, and BDNF)  QC3 (L)","b-NGF","2.422222222","pg/ml","Purchased","Mesoscale","Ry_MSD_Metabo","","","3 Calibrators were used. Fin the cat Nº."
"Prep20200923_Metabo-L","U-PLEX Metabolic G1 (IP-10, IL-1RA, and BDNF)  QC3 (L)","FGF-23","14.05555556","pg/ml","Purchased","Mesoscale","Ry_MSD_Metabo","","","3 Calibrators were used. Fin the cat Nº."
"Prep20200923_Metabo-L","U-PLEX Metabolic G1 (IP-10, IL-1RA, and BDNF)  QC3 (L)","LH","150.5555556","pg/ml","Purchased","Mesoscale","Ry_MSD_Metabo","","","3 Calibrators were used. Fin the cat Nº."
"Prep20200923_Metabo-L","U-PLEX Metabolic G1 (IP-10, IL-1RA, and BDNF)  QC3 (L)","FSH","360","pg/ml","Purchased","Mesoscale","Ry_MSD_Metabo","","","3 Calibrators were used. Fin the cat Nº."
"Prep20200923_IL-6R-H","R-PLEX IL-6R  QC1 (H)","IL-6R","222.2222222","pg/ml","Home made","","Ry_MSD_QC_IL-6R","","2020-09-23",""
"Prep20200923_IL-6R-M","R-PLEX IL-6R  QC2 (M)","IL-6R","22.22222222","pg/ml","Home made","","Ry_MSD_QC_IL-6R","","2020-09-23",""
"Prep20200923_IL-6R-L","R-PLEX IL-6R  QC3 (L)","IL-6R","2.222222222","pg/ml","Home made","","Ry_MSD_QC_IL-6R","","2020-09-23",""
"Prep20200929_TNF-Rs-H","Dupli-R-PLEX TNF-Rs (TNF-RI and TNF-RII)  QC1 (H)","TNF-RI","277.7777778","pg/ml","Home made","","Ry_MSD_QC_TNF-Rs","","2020-09-23",""
"Prep20200929_TNF-Rs-M","Dupli-R-PLEX TNF-Rs (TNF-RI and TNF-RII)  QC2 (M)","TNF-RI","27.77777778","pg/ml","Home made","","Ry_MSD_QC_TNF-Rs","","2020-09-23",""
"Prep20200929_TNF-Rs-L","Dupli-R-PLEX TNF-Rs (TNF-RI and TNF-RII)  QC3 (L)","TNF-RI","2.777777778","pg/ml","Home made","","Ry_MSD_QC_TNF-Rs","","2020-09-23",""
"Prep20200929_TNF-Rs-H","Dupli-R-PLEX TNF-Rs (TNF-RI and TNF-RII)  QC1 (H)","TNF-RII","277.7777778","pg/ml","Home made","","Ry_MSD_QC_TNF-Rs","","2020-09-23",""
"Prep20200929_TNF-Rs-M","Dupli-R-PLEX TNF-Rs (TNF-RI and TNF-RII)  QC2 (M)","TNF-RII","27.77777778","pg/ml","Home made","","Ry_MSD_QC_TNF-Rs","","2020-09-23",""
"Prep20200929_TNF-Rs-L","Dupli-R-PLEX TNF-Rs (TNF-RI and TNF-RII)  QC3 (L)","TNF-RII","2.777777778","pg/ml","Home made","","Ry_MSD_QC_TNF-Rs","","2020-09-23",""
"A0020248-H","V-PLEX LBP QC1 (H)","LBP","50","ng/ml","Home made","","","","",""
"A0020248-M","V-PLEX LBP QC2 (M)","LBP","2.5","ng/ml","Home made","","","","",""
"A0020248-L","V-PLEX LBP QC3 (L)","LBP","0.125","ng/ml","Home made","","","","",""
"A00R0099-H","R-PLEX Calprotectin QC1 (H)","Calprotectin","40000","pg/ml","Home made","","Ry_MSD_QC_Calprotectin","","",""
"A00R0099-M","R-PLEX Calprotectin QC2 (M)","Calprotectin","10000","pg/ml","Home made","","Ry_MSD_QC_Calprotectin","","",""
"A00R0099-L","R-PLEX Calprotectin QC3 (L)","Calprotectin","4000","pg/ml","Home made","","Ry_MSD_QC_Calprotectin","","",""
"A00C0604","V-PLEX Vascular Injury P2 QC1 (H)","SAA","48500","pg/ml","Purchased","Mesoscale","","","",""
"A00C0604","V-PLEX Vascular Injury P2 QC1 (H)","CRP","24600","pg/ml","Purchased","Mesoscale","","","",""
"A00C0604","V-PLEX Vascular Injury P2 QC1 (H)","VCAM-1","16600","pg/ml","Purchased","Mesoscale","","","",""
"A00C0604","V-PLEX Vascular Injury P2 QC1 (H)","ICAM-1","13000","pg/ml","Purchased","Mesoscale","","","",""
"A00C0605","V-PLEX Vascular Injury P2 QC2 (M)","SAA","4720","pg/ml","Purchased","Mesoscale","","","",""
"A00C0605","V-PLEX Vascular Injury P2 QC2 (M)","CRP","4800","pg/ml","Purchased","Mesoscale","","","",""
"A00C0605","V-PLEX Vascular Injury P2 QC2 (M)","VCAM-1","1600","pg/ml","Purchased","Mesoscale","","","",""
"A00C0605","V-PLEX Vascular Injury P2 QC2 (M)","ICAM-1","1350","pg/ml","Purchased","Mesoscale","","","",""
"A00C0606","V-PLEX Vascular Injury P2 QC3 (L)","SAA","607","pg/ml","Purchased","Mesoscale","","","",""
"A00C0606","V-PLEX Vascular Injury P2 QC3 (L)","CRP","610","pg/ml","Purchased","Mesoscale","","","",""
"A00C0606","V-PLEX Vascular Injury P2 QC3 (L)","VCAM-1","200","pg/ml","Purchased","Mesoscale","","","",""
"A00C0606","V-PLEX Vascular Injury P2 QC3 (L)","ICAM-1","166","pg/ml","Purchased","Mesoscale","","","",""
"257639-H","R-PLEX Calprotectin QC1 (H)","Calprotectin","40000","pg/ml","Home made","","Ry_MSD_QC_Calprotectin","","",""
"257639-M","R-PLEX Calprotectin QC2 (M)","Calprotectin","10000","pg/ml","Home made","","Ry_MSD_QC_Calprotectin","","",""
"257639-L","R-PLEX Calprotectin QC3 (L)","Calprotectin","4000","pg/ml","Home made","","Ry_MSD_QC_Calprotectin","","",""
"A00C0676","V-PLEX Proinfammatory P1  QC1 (H)","IFN-g","546","pg/ml","Purchased","Mesoscale","C4049-1","","",""
"A00C0676","V-PLEX Proinfammatory P1  QC1 (H)","IL-1b","209","pg/ml","Purchased","Mesoscale","C4049-1","","",""
"A00C0676","V-PLEX Proinfammatory P1  QC1 (H)","IL-2","384","pg/ml","Purchased","Mesoscale","C4049-1","","",""
"A00C0676","V-PLEX Proinfammatory P1  QC1 (H)","IL-4","109","pg/ml","Purchased","Mesoscale","C4049-1","","",""
"A00C0676","V-PLEX Proinfammatory P1  QC1 (H)","IL-6","289","pg/ml","Purchased","Mesoscale","C4049-1","","",""
"A00C0676","V-PLEX Proinfammatory P1  QC1 (H)","IL-8","220","pg/ml","Purchased","Mesoscale","C4049-1","","",""
"A00C0676","V-PLEX Proinfammatory P1  QC1 (H)","IL-10","135","pg/ml","Purchased","Mesoscale","C4049-1","","",""
"A00C0676","V-PLEX Proinfammatory P1  QC1 (H)","IL-12p70","158","pg/ml","Purchased","Mesoscale","C4049-1","","",""
"A00C0676","V-PLEX Proinfammatory P1  QC1 (H)","IL-13","121","pg/ml","Purchased","Mesoscale","C4049-1","","",""
"A00C0676","V-PLEX Proinfammatory P1  QC1 (H)","TNF-a","110","pg/ml","Purchased","Mesoscale","C4049-1","","",""
"A00C0677","V-PLEX Proinfammatory P1  QC2 (M)","IFN-g","167","pg/ml","Purchased","Mesoscale","C4049-1","","",""
"A00C0677","V-PLEX Proinfammatory P1  QC2 (M)","IL-1b","49.7","pg/ml","Purchased","Mesoscale","C4049-1","","",""
"A00C0677","V-PLEX Proinfammatory P1  QC2 (M)","IL-2","37.7","pg/ml","Purchased","Mesoscale","C4049-1","","",""
"A00C0677","V-PLEX Proinfammatory P1  QC2 (M)","IL-4","20.2","pg/ml","Purchased","Mesoscale","C4049-1","","",""
"A00C0677","V-PLEX Proinfammatory P1  QC2 (M)","IL-6","49.1","pg/ml","Purchased","Mesoscale","C4049-1","","",""
"A00C0677","V-PLEX Proinfammatory P1  QC2 (M)","IL-8","33.2","pg/ml","Purchased","Mesoscale","C4049-1","","",""
"A00C0677","V-PLEX Proinfammatory P1  QC2 (M)","IL-10","24.8","pg/ml","Purchased","Mesoscale","C4049-1","","",""
"A00C0677","V-PLEX Proinfammatory P1  QC2 (M)","IL-12p70","31.4","pg/ml","Purchased","Mesoscale","C4049-1","","",""
"A00C0677","V-PLEX Proinfammatory P1  QC2 (M)","IL-13","40.3","pg/ml","Purchased","Mesoscale","C4049-1","","",""
"A00C0677","V-PLEX Proinfammatory P1  QC2 (M)","TNF-a","16.4","pg/ml","Purchased","Mesoscale","C4049-1","","",""
"A00C0678","V-PLEX Proinfammatory P1  QC3 (L)","IFN-g","32.2","pg/ml","Purchased","Mesoscale","C4049-1","","",""
"A00C0678","V-PLEX Proinfammatory P1  QC3 (L)","IL-1b","10","pg/ml","Purchased","Mesoscale","C4049-1","","",""
"A00C0678","V-PLEX Proinfammatory P1  QC3 (L)","IL-2","2.96","pg/ml","Purchased","Mesoscale","C4049-1","","",""
"A00C0678","V-PLEX Proinfammatory P1  QC3 (L)","IL-4","3.11","pg/ml","Purchased","Mesoscale","C4049-1","","",""
"A00C0678","V-PLEX Proinfammatory P1  QC3 (L)","IL-6","7.89","pg/ml","Purchased","Mesoscale","C4049-1","","",""
"A00C0678","V-PLEX Proinfammatory P1  QC3 (L)","IL-8","5.42","pg/ml","Purchased","Mesoscale","C4049-1","","",""
"A00C0678","V-PLEX Proinfammatory P1  QC3 (L)","IL-10","3.62","pg/ml","Purchased","Mesoscale","C4049-1","","",""
"A00C0678","V-PLEX Proinfammatory P1  QC3 (L)","IL-12p70","5.92","pg/ml","Purchased","Mesoscale","C4049-1","","",""
"A00C0678","V-PLEX Proinfammatory P1  QC3 (L)","IL-13","13.2","pg/ml","Purchased","Mesoscale","C4049-1","","",""
"A00C0678","V-PLEX Proinfammatory P1  QC3 (L)","TNF-a","2.37","pg/ml","Purchased","Mesoscale","C4049-1","","",""
"236122-H","R-PLEX PD-L2 QC1 (H)","PD-L2","10000","pg/ml","Home made","","Ry_MSD_QC_PD-L2","","",""
"236122-M","R-PLEX PD-L2 QC2 (M)","PD-L2","1000","pg/ml","Home made","","Ry_MSD_QC_PD-L2","","",""
"236122-L","R-PLEX PD-L2 QC3 (L)","PD-L2","100","pg/ml","Home made","","Ry_MSD_QC_PD-L2","","",""
"A00R0116-H","R-PLEX PD1 QC1 (H)","PD1","2222.2","pg/ml","Home made","","Ry_MSD_QC_PD1","","",""
"A00R0116-M","R-PLEX PD1 QC2 (M)","PD1","222.2","pg/ml","Home made","","Ry_MSD_QC_PD1","","",""
"A00R0116-L","R-PLEX PD1 QC3 (L)","PD1","22.2","pg/ml","Home made","","Ry_MSD_QC_PD1","","",""
"A00C0618","V-PLEX Chemokine P1 QC1 (H)","Eotaxin","1610","pg/ml","Purchased","Mesoscale","C4047-1","","",""
"A00C0618","V-PLEX Chemokine P1 QC1 (H)","MIP-1b","1040","pg/ml","Purchased","Mesoscale","C4047-1","","",""
"A00C0618","V-PLEX Chemokine P1 QC1 (H)","Eotaxin-3","4300","pg/ml","Purchased","Mesoscale","C4047-1","","",""
"A00C0618","V-PLEX Chemokine P1 QC1 (H)","TARC","1340","pg/ml","Purchased","Mesoscale","C4047-1","","",""
"A00C0618","V-PLEX Chemokine P1 QC1 (H)","IP-10","561","pg/ml","Purchased","Mesoscale","C4047-1","","",""
"A00C0618","V-PLEX Chemokine P1 QC1 (H)","MIP-1a","911","pg/ml","Purchased","Mesoscale","C4047-1","","",""
"A00C0618","V-PLEX Chemokine P1 QC1 (H)","IL-8(HA)","61100","pg/ml","Purchased","Mesoscale","C4047-1","","",""
"A00C0618","V-PLEX Chemokine P1 QC1 (H)","MCP-1","465","pg/ml","Purchased","Mesoscale","C4047-1","","",""
"A00C0618","V-PLEX Chemokine P1 QC1 (H)","MDC","8960","pg/ml","Purchased","Mesoscale","C4047-1","","",""
"A00C0618","V-PLEX Chemokine P1 QC1 (H)","MCP-4","660","pg/ml","Purchased","Mesoscale","C4047-1","","",""
"A00C0619","V-PLEX Chemokine P1 QC2 (M)","Eotaxin","590","pg/ml","Purchased","Mesoscale","C4047-1","","",""
"A00C0619","V-PLEX Chemokine P1 QC2 (M)","MIP-1b","178","pg/ml","Purchased","Mesoscale","C4047-1","","",""
"A00C0619","V-PLEX Chemokine P1 QC2 (M)","Eotaxin-3","615","pg/ml","Purchased","Mesoscale","C4047-1","","",""
"A00C0619","V-PLEX Chemokine P1 QC2 (M)","TARC","223","pg/ml","Purchased","Mesoscale","C4047-1","","",""
"A00C0619","V-PLEX Chemokine P1 QC2 (M)","IP-10","85.6","pg/ml","Purchased","Mesoscale","C4047-1","","",""
"A00C0619","V-PLEX Chemokine P1 QC2 (M)","MIP-1a","401","pg/ml","Purchased","Mesoscale","C4047-1","","",""
"A00C0619","V-PLEX Chemokine P1 QC2 (M)","IL-8(HA)","21300","pg/ml","Purchased","Mesoscale","C4047-1","","",""
"A00C0619","V-PLEX Chemokine P1 QC2 (M)","MCP-1","71.3","pg/ml","Purchased","Mesoscale","C4047-1","","",""
"A00C0619","V-PLEX Chemokine P1 QC2 (M)","MDC","2630","pg/ml","Purchased","Mesoscale","C4047-1","","",""
"A00C0619","V-PLEX Chemokine P1 QC2 (M)","MCP-4","239","pg/ml","Purchased","Mesoscale","C4047-1","","",""
"A00C0620","V-PLEX Chemokine P1 QC3 (L)","Eotaxin","182","pg/ml","Purchased","Mesoscale","C4047-1","","",""
"A00C0620","V-PLEX Chemokine P1 QC3 (L)","MIP-1b","27.1","pg/ml","Purchased","Mesoscale","C4047-1","","",""
"A00C0620","V-PLEX Chemokine P1 QC3 (L)","Eotaxin-3","95.7","pg/ml","Purchased","Mesoscale","C4047-1","","",""
"A00C0620","V-PLEX Chemokine P1 QC3 (L)","TARC","36.9","pg/ml","Purchased","Mesoscale","C4047-1","","",""
"A00C0620","V-PLEX Chemokine P1 QC3 (L)","IP-10","14","pg/ml","Purchased","Mesoscale","C4047-1","","",""
"A00C0620","V-PLEX Chemokine P1 QC3 (L)","MIP-1a","166","pg/ml","Purchased","Mesoscale","C4047-1","","",""
"A00C0620","V-PLEX Chemokine P1 QC3 (L)","IL-8(HA)","8370","pg/ml","Purchased","Mesoscale","C4047-1","","",""
"A00C0620","V-PLEX Chemokine P1 QC3 (L)","MCP-1","11.5","pg/ml","Purchased","Mesoscale","C4047-1","","",""
"A00C0620","V-PLEX Chemokine P1 QC3 (L)","MDC","645","pg/ml","Purchased","Mesoscale","C4047-1","","",""
"A00C0620","V-PLEX Chemokine P1 QC3 (L)","MCP-4","71.2","pg/ml","Purchased","Mesoscale","C4047-1","","",""
"A00C0711","V-PLEX Th17 P1 QC1 (H)","IL-17A Gen. B","2860","pg/ml","Purchased","Mesoscale","C4085-1","","",""
"A00C0711","V-PLEX Th17 P1 QC1 (H)","IL-21","1300","pg/ml","Purchased","Mesoscale","C4085-1","","",""
"A00C0711","V-PLEX Th17 P1 QC1 (H)","IL-31","971","pg/ml","Purchased","Mesoscale","C4085-1","","",""
"A00C0711","V-PLEX Th17 P1 QC1 (H)","IL-27","17500","pg/ml","Purchased","Mesoscale","C4085-1","","",""
"A00C0711","V-PLEX Th17 P1 QC1 (H)","IL-23","5210","pg/ml","Purchased","Mesoscale","C4085-1","","",""
"A00C0711","V-PLEX Th17 P1 QC1 (H)","IL-22","529","pg/ml","Purchased","Mesoscale","C4085-1","","",""
"A00C0711","V-PLEX Th17 P1 QC1 (H)","MIP-3a","564","pg/ml","Purchased","Mesoscale","C4085-1","","",""
"A00C0712","V-PLEX Th17 P1 QC2 (M)","IL-17A Gen. B","403","pg/ml","Purchased","Mesoscale","C4085-1","","",""
"A00C0712","V-PLEX Th17 P1 QC2 (M)","IL-21","297","pg/ml","Purchased","Mesoscale","C4085-1","","",""
"A00C0712","V-PLEX Th17 P1 QC2 (M)","IL-31","144","pg/ml","Purchased","Mesoscale","C4085-1","","",""
"A00C0712","V-PLEX Th17 P1 QC2 (M)","IL-27","4200","pg/ml","Purchased","Mesoscale","C4085-1","","",""
"A00C0712","V-PLEX Th17 P1 QC2 (M)","IL-23","578","pg/ml","Purchased","Mesoscale","C4085-1","","",""
"A00C0712","V-PLEX Th17 P1 QC2 (M)","IL-22","88.1","pg/ml","Purchased","Mesoscale","C4085-1","","",""
"A00C0712","V-PLEX Th17 P1 QC2 (M)","MIP-3a","202","pg/ml","Purchased","Mesoscale","C4085-1","","",""
"A00C0713","V-PLEX Th17 P1 QC3 (L)","IL-17A Gen. B","57.1","pg/ml","Purchased","Mesoscale","C4085-1","","",""
"A00C0713","V-PLEX Th17 P1 QC3 (L)","IL-21","84.2","pg/ml","Purchased","Mesoscale","C4085-1","","",""
"A00C0713","V-PLEX Th17 P1 QC3 (L)","IL-31","22.3","pg/ml","Purchased","Mesoscale","C4085-1","","",""
"A00C0713","V-PLEX Th17 P1 QC3 (L)","IL-27","826","pg/ml","Purchased","Mesoscale","C4085-1","","",""
"A00C0713","V-PLEX Th17 P1 QC3 (L)","IL-23","63.6","pg/ml","Purchased","Mesoscale","C4085-1","","",""
"A00C0713","V-PLEX Th17 P1 QC3 (L)","IL-22","16.6","pg/ml","Purchased","Mesoscale","C4085-1","","",""
"A00C0713","V-PLEX Th17 P1 QC3 (L)","MIP-3a","72.3","pg/ml","Purchased","Mesoscale","C4085-1","","",""
"218916-H","R-PLEX BAFF-R QC1 (H)","BAFF-R","11111.1","pg/ml","Home made","","Ry_MSD_QC_BAFF-R","","",""
"218916-M","R-PLEX BAFF-R QC2 (M)","BAFF-R","1111.1","pg/ml","Home made","","Ry_MSD_QC_BAFF-R","","",""
"218916-L","R-PLEX BAFF-R QC3 (L)","BAFF-R","111.1","pg/ml","Home made","","Ry_MSD_QC_BAFF-R","","",""
"Prep20210216_BDNF-H","U-PLEX BDNF QC1 (H)","BDNF","911.1111111","pg/ml","Home made","","Ry_MSD_QC_BDNF","","",""
"Prep20210216_BDNF-M","U-PLEX BDNF QC2 (M)","BDNF","91.11111111","pg/ml","Home made","","Ry_MSD_QC_BDNF","","",""
"Prep20210216_BDNF-L","U-PLEX BDNF QC3 (L)","BDNF","9.111111111","pg/ml","Home made","","Ry_MSD_QC_BDNF","","",""
"A00C0679","V-PLEX Cytokine P1 QC1 (H)","GM-CSF","435","pg/ml","Purchased","Mesoscale","C4050-1","2024-11-30","",""
"A00C0679","V-PLEX Cytokine P1 QC1 (H)","IL-1a","124","pg/ml","Purchased","Mesoscale","C4050-1","2024-11-30","",""
"A00C0679","V-PLEX Cytokine P1 QC1 (H)","IL-5","334","pg/ml","Purchased","Mesoscale","C4050-1","2024-11-30","",""
"A00C0679","V-PLEX Cytokine P1 QC1 (H)","IL-7","346","pg/ml","Purchased","Mesoscale","C4050-1","2024-11-30","",""
"A00C0679","V-PLEX Cytokine P1 QC1 (H)","IL-12/23p40","1490","pg/ml","Purchased","Mesoscale","C4050-1","2024-11-30","",""
"A00C0679","V-PLEX Cytokine P1 QC1 (H)","IL-15","311","pg/ml","Purchased","Mesoscale","C4050-1","2024-11-30","",""
"A00C0679","V-PLEX Cytokine P1 QC1 (H)","IL-16","1310","pg/ml","Purchased","Mesoscale","C4050-1","2024-11-30","",""
"A00C0679","V-PLEX Cytokine P1 QC1 (H)","IL-17A","2220","pg/ml","Purchased","Mesoscale","C4050-1","2024-11-30","",""
"A00C0679","V-PLEX Cytokine P1 QC1 (H)","TNF-b","213","pg/ml","Purchased","Mesoscale","C4050-1","2024-11-30","",""
"A00C0679","V-PLEX Cytokine P1 QC1 (H)","VEGF","437","pg/ml","Purchased","Mesoscale","C4050-1","2024-11-30","",""
"A00C0680","V-PLEX Cytokine P1 QC2 (M)","GM-CSF","69.6","pg/ml","Purchased","Mesoscale","C4050-1","2024-11-30","",""
"A00C0680","V-PLEX Cytokine P1 QC2 (M)","IL-1a","38.5","pg/ml","Purchased","Mesoscale","C4050-1","2024-11-30","",""
"A00C0680","V-PLEX Cytokine P1 QC2 (M)","IL-5","107","pg/ml","Purchased","Mesoscale","C4050-1","2024-11-30","",""
"A00C0680","V-PLEX Cytokine P1 QC2 (M)","IL-7","53.2","pg/ml","Purchased","Mesoscale","C4050-1","2024-11-30","",""
"A00C0680","V-PLEX Cytokine P1 QC2 (M)","IL-12/23p40","225","pg/ml","Purchased","Mesoscale","C4050-1","2024-11-30","",""
"A00C0680","V-PLEX Cytokine P1 QC2 (M)","IL-15","50.5","pg/ml","Purchased","Mesoscale","C4050-1","2024-11-30","",""
"A00C0680","V-PLEX Cytokine P1 QC2 (M)","IL-16","339","pg/ml","Purchased","Mesoscale","C4050-1","2024-11-30","",""
"A00C0680","V-PLEX Cytokine P1 QC2 (M)","IL-17A","305","pg/ml","Purchased","Mesoscale","C4050-1","2024-11-30","",""
"A00C0680","V-PLEX Cytokine P1 QC2 (M)","TNF-b","35.4","pg/ml","Purchased","Mesoscale","C4050-1","2024-11-30","",""
"A00C0680","V-PLEX Cytokine P1 QC2 (M)","VEGF","135","pg/ml","Purchased","Mesoscale","C4050-1","2024-11-30","",""
"A00C0681","V-PLEX Cytokine P1 QC3 (L)","GM-CSF","11.2","pg/ml","Purchased","Mesoscale","C4050-1","2024-11-30","",""
"A00C0681","V-PLEX Cytokine P1 QC3 (L)","IL-1a","13","pg/ml","Purchased","Mesoscale","C4050-1","2024-11-30","",""
"A00C0681","V-PLEX Cytokine P1 QC3 (L)","IL-5","33.1","pg/ml","Purchased","Mesoscale","C4050-1","2024-11-30","",""
"A00C0681","V-PLEX Cytokine P1 QC3 (L)","IL-7","9.3","pg/ml","Purchased","Mesoscale","C4050-1","2024-11-30","",""
"A00C0681","V-PLEX Cytokine P1 QC3 (L)","IL-12/23p40","39.8","pg/ml","Purchased","Mesoscale","C4050-1","2024-11-30","",""
"A00C0681","V-PLEX Cytokine P1 QC3 (L)","IL-15","9.58","pg/ml","Purchased","Mesoscale","C4050-1","2024-11-30","",""
"A00C0681","V-PLEX Cytokine P1 QC3 (L)","IL-16","103","pg/ml","Purchased","Mesoscale","C4050-1","2024-11-30","",""
"A00C0681","V-PLEX Cytokine P1 QC3 (L)","IL-17A","46.4","pg/ml","Purchased","Mesoscale","C4050-1","2024-11-30","",""
"A00C0681","V-PLEX Cytokine P1 QC3 (L)","TNF-b","9.07","pg/ml","Purchased","Mesoscale","C4050-1","2024-11-30","",""
"A00C0681","V-PLEX Cytokine P1 QC3 (L)","VEGF","45.8","pg/ml","Purchased","Mesoscale","C4050-1","2024-11-30","",""
"A00C0714","V-PLEX Proinfammatory P1  QC1 (H)","IFN-g","612","pg/ml","Purchased","Mesoscale","C4049-1","2025-05-31","",""
"A00C0714","V-PLEX Proinfammatory P1  QC1 (H)","IL-1b","235","pg/ml","Purchased","Mesoscale","C4049-1","2025-05-31","",""
"A00C0714","V-PLEX Proinfammatory P1  QC1 (H)","IL-2","390","pg/ml","Purchased","Mesoscale","C4049-1","2025-05-31","",""
"A00C0714","V-PLEX Proinfammatory P1  QC1 (H)","IL-4","94.3","pg/ml","Purchased","Mesoscale","C4049-1","2025-05-31","",""
"A00C0714","V-PLEX Proinfammatory P1  QC1 (H)","IL-6","255","pg/ml","Purchased","Mesoscale","C4049-1","2025-05-31","",""
"A00C0714","V-PLEX Proinfammatory P1  QC1 (H)","IL-8","233","pg/ml","Purchased","Mesoscale","C4049-1","2025-05-31","",""
"A00C0714","V-PLEX Proinfammatory P1  QC1 (H)","IL-10","134","pg/ml","Purchased","Mesoscale","C4049-1","2025-05-31","",""
"A00C0714","V-PLEX Proinfammatory P1  QC1 (H)","IL-12p70","177","pg/ml","Purchased","Mesoscale","C4049-1","2025-05-31","",""
"A00C0714","V-PLEX Proinfammatory P1  QC1 (H)","IL-13","164","pg/ml","Purchased","Mesoscale","C4049-1","2025-05-31","",""
"A00C0714","V-PLEX Proinfammatory P1  QC1 (H)","TNF-a","96.2","pg/ml","Purchased","Mesoscale","C4049-1","2025-05-31","",""
"A00C0715","V-PLEX Proinfammatory P1  QC2 (M)","IFN-g","164","pg/ml","Purchased","Mesoscale","C4049-1","2025-05-31","",""
"A00C0715","V-PLEX Proinfammatory P1  QC2 (M)","IL-1b","55.9","pg/ml","Purchased","Mesoscale","C4049-1","2025-05-31","",""
"A00C0715","V-PLEX Proinfammatory P1  QC2 (M)","IL-2","39.8","pg/ml","Purchased","Mesoscale","C4049-1","2025-05-31","",""
"A00C0715","V-PLEX Proinfammatory P1  QC2 (M)","IL-4","20","pg/ml","Purchased","Mesoscale","C4049-1","2025-05-31","",""
"A00C0715","V-PLEX Proinfammatory P1  QC2 (M)","IL-6","47.2","pg/ml","Purchased","Mesoscale","C4049-1","2025-05-31","",""
"A00C0715","V-PLEX Proinfammatory P1  QC2 (M)","IL-8","36.8","pg/ml","Purchased","Mesoscale","C4049-1","2025-05-31","",""
"A00C0715","V-PLEX Proinfammatory P1  QC2 (M)","IL-10","25.5","pg/ml","Purchased","Mesoscale","C4049-1","2025-05-31","",""
"A00C0715","V-PLEX Proinfammatory P1  QC2 (M)","IL-12p70","31.9","pg/ml","Purchased","Mesoscale","C4049-1","2025-05-31","",""
"A00C0715","V-PLEX Proinfammatory P1  QC2 (M)","IL-13","45.2","pg/ml","Purchased","Mesoscale","C4049-1","2025-05-31","",""
"A00C0715","V-PLEX Proinfammatory P1  QC2 (M)","TNF-a","16.9","pg/ml","Purchased","Mesoscale","C4049-1","2025-05-31","",""
"A00C0716","V-PLEX Proinfammatory P1  QC3 (L)","IFN-g","44.2","pg/ml","Purchased","Mesoscale","C4049-1","2025-05-31","",""
"A00C0716","V-PLEX Proinfammatory P1  QC3 (L)","IL-1b","11.9","pg/ml","Purchased","Mesoscale","C4049-1","2025-05-31","",""
"A00C0716","V-PLEX Proinfammatory P1  QC3 (L)","IL-2","3.46","pg/ml","Purchased","Mesoscale","C4049-1","2025-05-31","",""
"A00C0716","V-PLEX Proinfammatory P1  QC3 (L)","IL-4","2.8","pg/ml","Purchased","Mesoscale","C4049-1","2025-05-31","",""
"A00C0716","V-PLEX Proinfammatory P1  QC3 (L)","IL-6","7.83","pg/ml","Purchased","Mesoscale","C4049-1","2025-05-31","",""
"A00C0716","V-PLEX Proinfammatory P1  QC3 (L)","IL-8","6.29","pg/ml","Purchased","Mesoscale","C4049-1","2025-05-31","",""
"A00C0716","V-PLEX Proinfammatory P1  QC3 (L)","IL-10","3.93","pg/ml","Purchased","Mesoscale","C4049-1","2025-05-31","",""
"A00C0716","V-PLEX Proinfammatory P1  QC3 (L)","IL-12p70","6.39","pg/ml","Purchased","Mesoscale","C4049-1","2025-05-31","",""
"A00C0716","V-PLEX Proinfammatory P1  QC3 (L)","IL-13","12.1","pg/ml","Purchased","Mesoscale","C4049-1","2025-05-31","",""
"A00C0716","V-PLEX Proinfammatory P1  QC3 (L)","TNF-a","2.32","pg/ml","Purchased","Mesoscale","C4049-1","2025-05-31","",""
"Y-008974","ELISA B2M QC1 (H)","B2M","1.53","mg/L","Purchased","BioVendor","D1405","","",""
"Y-008973D(1/2)","ELISA B2M QC2 (M)","B2M","0.8","mg/L","Home made","","D1404D(1/2)","","",""
"Y-008975","ELISA B2M QC3 (L)","B2M","0.3","mg/L","Purchased","BioVendor","D1406","","",""
"L190502509H","ELISA HLA-E QC1 (H)","HLA-E","150","pg/ml","Home made","","","","",""
"L190502509M","ELISA HLA-E QC2 (M)","HLA-E","40","pg/ml","Home made","","","","",""
"L190502509L","ELISA HLA-E QC3 (L)","HLA-E","20","pg/ml","Home made","","","","",""
"CSH151167H","ELISA Zonulin QC1 (H)","Zonulin","15","ng/ml","Home made","","","","",""
"CSH151167M","ELISA Zonulin QC2 (M)","Zonulin","5","ng/ml","Home made","","","","",""
"CSH151167L","ELISA Zonulin QC3 (L)","Zonulin","1","ng/ml","Home made","","","","",""
"EDL2019052301H","ELISA LPS QC1 (H)","LPS","75","ng/ml","Home made","","","","",""
"EDL2019052301M","ELISA LPS QC2 (M)","LPS","30","ng/ml","Home made","","","","",""
"EDL2019052301L","ELISA LPS QC3 (L)","LPS","10","ng/ml","Home made","","","","",""
"1268532","ELISA BAFF QC1 (H)","BAFF","2193.5","","Purchased","R&D Systems","","","",""
"1268531","ELISA BAFF QC2 (M)","BAFF","1138.5","","Purchased","R&D Systems","","","",""
"1268530","ELISA BAFF QC3 (L)","BAFF","472","","Purchased","R&D Systems","","","",""
"1194428","ELISA CD14 QC1 (H)","CD14","3432","","Purchased","R&D Systems","","","",""
"1194427","ELISA CD14 QC2 (M)","CD14","1743","","Purchased","R&D Systems","","","",""
"1194426","ELISA CD14 QC3 (L)","CD14","995.5","","Purchased","R&D Systems","","","",""
"1376058","ELISA IFABP QC1 (H)","IFABP","416","pg/ml","Purchased","R&D Systems","","","","IFABP QC ctrl (R&D QC213) reconstitued on 20190529, 20230801."
"1376057","ELISA IFABP QC2 (M)","IFABP","204","pg/ml","Purchased","R&D Systems","","","","IFABP QC ctrl (R&D QC213) reconstitued on 20190529, 20230801."
"1376056","ELISA IFABP QC3 (L)","IFABP","75.5","pg/ml","Purchased","R&D Systems","","","","IFABP QC ctrl (R&D QC213) reconstitued on 20190529, 20230801."
"Y-009593","ELISA B2M QC1 (H)","B2M","1.66","mg/L","Purchased","BioVendor","D1405","","",""
"Y-009592D(1/2)","ELISA B2M QC2 (M)","B2M","0.8","mg/L","Home made","","D1404D(1/2)","","",""
"Y-009594","ELISA B2M QC3 (L)","B2M","0.37","mg/L","Purchased","BioVendor","D1406","","",""
"Y-010588","ELISA B2M QC1 (H)","B2M","1.68","mg/L","Purchased","BioVendor","D1405","","",""
"Y-010587D(1/2)","ELISA B2M QC2 (M)","B2M","0.8","mg/L","Home made","","D1404D(1/2)","","",""
"Y-010589","ELISA B2M QC3 (L)","B2M","0.37","mg/L","Purchased","BioVendor","D1406","","",""
"EDL2019121705H","ELISA LPS QC1 (H)","LPS","75","ng/ml","Home made","","","","",""
"EDL2019121705M","ELISA LPS QC2 (M)","LPS","30","ng/ml","Home made","","","","",""
"EDL2019121705L","ELISA LPS QC3 (L)","LPS","10","ng/ml","Home made","","","","",""
"191022349H","ELISA S100B QC1 (H)","S100B","15","","Home made","","","","","prep use  Std Lot L191022349. exp Julie."
"191022349M","ELISA S100B QC2 (M)","S100B","4","","Home made","","","","","prep use  Std Lot L191022349. exp Julie."
"191022349L","ELISA S100B QC3 (L)","S100B","0.8","","Home made","","","","","prep use  Std Lot L191022349. exp Julie."
"GR3315784-1H","ELISA ApoE QC1 (H)","ApoE","0.8","µg/ml","Home made","","","","",""
"GR3315784-1M","ELISA ApoE QC2 (M)","ApoE","0.4","µg/ml","Home made","","","","",""
"GR3315784-1L","ELISA ApoE QC3 (L)","ApoE","0.08","µg/ml","Home made","","","","",""
"Y-010588(duplicated)","ELISA B2M QC1 (H)","B2M","1.68","mg/L","Home made","","D1405","","","could be delete"
"Y-010588(1/2)","ELISA B2M QC2 (M)","B2M","0.84","mg/L","Home made","","D1405(1/2)","","",""
"Y-100589","ELISA B2M QC3 (L)","B2M","0.37","mg/L","Purchased","BioVendor","D1406","","",""
"01-021_LPS","ELISA LPS QC1 (H)","LPS","27","ng/ml","Home made","","","","","from exp20190531 Manon"
"01-022_LPS","ELISA LPS QC2 (M)","LPS","43","ng/ml","Home made","","","","","from exp20190531 Manon"
"08-143_LPS","ELISA LPS QC3 (L)","LPS","34","ng/ml","Home made","","","","","from exp20190531 Manon"
"01-080 pur_LPS","ELISA LPS QC1 (H)","LPS","7","ng/ml","Home made","","","","","ref exp20190606 Manon"
"01-080 1/2_LPS","ELISA LPS QC2 (M)","LPS","3.5","ng/ml","Home made","","","","","ref exp20190606 Manon"
"01-079 pur_LPS","ELISA LPS QC3 (L)","LPS","15","ng/ml","Home made","","","","","ref exp20190606 Manon"
"Std H_LPS","ELISA LPS QC1 (H)","LPS","75","ng/ml","Home made","","","","","ref exp20190611 Manon"
"Std L_LPS","ELISA LPS QC3 (L)","LPS","10","ng/ml","Home made","","","","","ref exp20190611 Manon"
"High ctrl_LPS","ELISA LPS QC1 (H)","LPS","75","ng/ml","Home made","","","","","ref exp20190626 Manon"
"Midl ctrl_LPS","ELISA LPS QC2 (M)","LPS","30","ng/ml","Home made","","","","","ref exp20190626 Manon"
"Low ctrl_LPS","ELISA LPS QC3 (L)","LPS","10","ng/ml","Home made","","","","","ref exp20190626 Manon"
"01-021_Zonulin","ELISA Zonulin QC1 (H)","Zonulin","2","ng/ml","Home made","","","","","from exp20190531 Manon"
"01-022_Zonulin","ELISA Zonulin QC2 (M)","Zonulin","7","ng/ml","Home made","","","","","from exp20190531 Manon"
"08-143_Zonulin","ELISA Zonulin QC3 (L)","Zonulin","5","ng/ml","Home made","","","","","from exp20190531 Manon"
"01-084_zonulin","ELISA Zonulin QC1 (H)","Zonulin","1.74","ng/ml","Home made","","","","","ref exp20190606 Manon"
"01-080_zonulin","ELISA Zonulin QC2 (M)","Zonulin","6.02","ng/ml","Home made","","","","","ref exp20190606 Manon"
"01-080 1/2_zonulin","ELISA Zonulin QC3 (L)","Zonulin","3.01","ng/ml","Home made","","","","","ref exp20190606 Manon"
"Std H_Zonulin","ELISA Zonulin QC1 (H)","Zonulin","15","ng/ml","Home made","","","","","ref exp20190611 Manon"
"Std M_Zonulin","ELISA Zonulin QC2 (M)","Zonulin","5","ng/ml","Home made","","","","","ref exp20190611 Manon"
"Std L_Zonulin","ELISA Zonulin QC3 (L)","Zonulin","1","ng/ml","Home made","","","","","ref exp20190611 Manon"
"Prep20190500_LPS-H","ELISA LPS QC1 (H)","LPS","75","ng/ml","Home made","","","","","prep Céline 05/2019. exp20200119 Julie."
"Prep20190500_LPS-M","ELISA LPS QC2 (M)","LPS","30","ng/ml","Home made","","","","","prep Céline 05/2019. exp20200119 Julie."
"Prep20190500_LPS-L","ELISA LPS QC3 (L)","LPS","10","ng/ml","Home made","","","","","prep Céline 05/2019. exp20200119 Julie."
"Prep20200207_LPS-H","ELISA LPS QC1 (H)","LPS","75","ng/ml","Home made","","","","2020-02-07","exp20200210 Julie."
"Prep20200207_LPS-M","ELISA LPS QC2 (M)","LPS","30","ng/ml","Home made","","","","2020-02-07","exp20200210 Julie."
"Prep20200207_LPS-L","ELISA LPS QC3 (L)","LPS","10","ng/ml","Home made","","","","2020-02-07","exp20200210 Julie."
"Prep20200303_LPS-H","ELISA LPS QC1 (H)","LPS","75","ng/ml","Home made","","","","2020-03-03","prep use Std Lot EDL2019121705. exp20200303 Julie."
"Prep20200303_LPS-M","ELISA LPS QC2 (M)","LPS","30","ng/ml","Home made","","","","2020-03-03","prep use Std Lot EDL2019121705. exp20200303 Julie."
"Prep20200303_LPS-L","ELISA LPS QC3 (L)","LPS","10","ng/ml","Home made","","","","2020-03-03","prep use Std Lot EDL2019121705. exp20200303 Julie."
"Prep20201214_LPS-H","ELISA LPS QC1 (H)","LPS","75","ng/ml","Home made","","","","2020-12-14","prep use Std Lot EDL2019121705. exp20201214 Julie."
"Prep20201214_LPS-M","ELISA LPS QC2 (M)","LPS","40","ng/ml","Home made","","","","2020-12-14","prep use Std Lot EDL2019121705. exp20201214 Julie."
"Prep20201214_LPS-L","ELISA LPS QC3 (L)","LPS","10","ng/ml","Home made","","","","2020-12-14","prep use Std Lot EDL2019121705. exp20201214 Julie."
"Prep20190611_Zonu-H","ELISA Zonulin QC1 (H)","Zonulin","15","ng/ml","Home made","","","","2019-06-11","prep use Std Lot CSH151167. exp20200114, exp20200210, and exp20200310 Julie."
"Prep20190611_Zonu-M","ELISA Zonulin QC2 (M)","Zonulin","5","ng/ml","Home made","","","","2019-06-11","prep use Std Lot CSH151167. exp20200114, exp20200210, and exp20200310 Julie."
"Prep20190611_Zonu-L","ELISA Zonulin QC3 (L)","Zonulin","1","ng/ml","Home made","","","","2019-06-11","prep use Std Lot CSH151167. exp20200114, exp20200210, and exp20200310 Julie."
"Prep20201211_Zonu-H","ELISA Zonulin QC1 (H)","Zonulin","15","ng/ml","Home made","","","","2020-12-11","prep use Std Lot CSX261241. exp20201211 Julie."
"Prep20201211_Zonu-M","ELISA Zonulin QC2 (M)","Zonulin","5","ng/ml","Home made","","","","2020-12-11","prep use Std Lot CSX261241. exp20201211 Julie."
"Prep20201211_Zonu-L","ELISA Zonulin QC3 (L)","Zonulin","1","ng/ml","Home made","","","","2020-12-11","prep use Std Lot CSX261241. exp20201211 Julie."
"Prep20201214_IFABP-H","ELISA IFABP QC1 (H)","IFABP","750","pg/ml","Home made","","","","2020-12-14","prep use Std Lot P237061. exp20201214 Julie."
"Prep20201214_IFABP-M","ELISA IFABP QC2 (M)","IFABP","187.5","pg/ml","Home made","","","","2020-12-14","prep use Std Lot P237061. exp20201214 Julie."
"Prep20201214_IFABP-L","ELISA IFABP QC3 (L)","IFABP","75","pg/ml","Home made","","","","2020-12-14","prep use Std Lot P237061. exp20201214 Julie."
"Prep20200203_S100B-H","ELISA S100B QC1 (H)","S100B","15","","Home made","","","","2020-02-03","prep use  Std Lot L191022349. exp Julie."
"Prep20200203_S100B-M","ELISA S100B QC2 (M)","S100B","4","","Home made","","","","2020-02-03","prep use  Std Lot L191022349. exp Julie."
"Prep20200203_S100B-L","ELISA S100B QC3 (L)","S100B","0.8","","Home made","","","","2020-02-03","prep use  Std Lot L191022349. exp Julie."
"Prep20200220_S100B-L","ELISA S100B QC3 (L)","S100B","0.2","","Home made","","","","2020-02-20","prep use  Std Lot L191022349. exp Julie."
"prep20200205_ApoE-H","ELISA ApoE QC1 (H)","ApoE","0.8","µg/ml","Home made","","","","2020-02-05","prep use Std Lot GR3315784-1. exp Julie."
"prep20200205_ApoE-M","ELISA ApoE QC2 (M)","ApoE","0.4","µg/ml","Home made","","","","2020-02-05","prep use Std Lot GR3315784-1. exp Julie."
"prep20200205_ApoE-L","ELISA ApoE QC3 (L)","ApoE","0.08","µg/ml","Home made","","","","2020-02-05","prep use Std Lot GR3315784-1. exp Julie."
"Y-012244","ELISA B2M QC1 (H)","B2M","1.52","mg/L","Purchased","BioVendor","D1405","","",""
"Y-012245","ELISA B2M QC3 (L)","B2M","0.27","mg/L","Purchased","BioVendor","D1406","","",""
"Prep20210127_HLA-E-H","ELISA HLA-E QC1 (H)","HLA-E","150","pg/ml","Home made","","","","2021-01-27","prep by Jihène. Use Std Lot L201112042"
"Prep20210127_HLA-E-M","ELISA HLA-E QC2 (M)","HLA-E","40","pg/ml","Home made","","","","2021-01-27","prep by Jihène. Use Std Lot L201112042"
"Prep20210127_HLA-E-L","ELISA HLA-E QC3 (L)","HLA-E","20","pg/ml","Home made","","","","2021-01-27","prep by Jihène. Use Std Lot L201112042"
"Prep20210114_BAFF-H","ELISA BAFF QC1 (H)","BAFF","2193","","Home made","","","","2021-01-14","prep by Jihène. Use Std Lot P211372"
"Prep20210114_BAFF-M","ELISA BAFF QC2 (M)","BAFF","1138","","Home made","","","","2021-01-14","prep by Jihène. Use Std Lot P211372"
"Prep20210114_BAFF-L","ELISA BAFF QC3 (L)","BAFF","472","","Home made","","","","2021-01-14","prep by Jihène. Use Std Lot P211372"
"Y-012244(1/2)","ELISA B2M QC2 (M)","B2M","0.76","mg/L","Home made","","D1405(1/2)","","",""
"Prep20210222_Zonu-H","ELISA Zonulin QC1 (H)","Zonulin","15","ng/ml","Home made","","","","2021-02-22",""
"Prep20210222_Zonu-M","ELISA Zonulin QC2 (M)","Zonulin","5","ng/ml","Home made","","","","2021-02-22",""
"Prep20210222_Zonu-L","ELISA Zonulin QC3 (L)","Zonulin","1","ng/ml","Home made","","","","2021-02-22",""
"Prep20210218_ApoE-H","ELISA ApoE QC1 (H)","ApoE","0.8","µg/ml","Home made","","","","2021-02-18","prep use Std Lot GR3361446-2. exp Jihène"
"Prep20210218_ApoE-M","ELISA ApoE QC2 (M)","ApoE","0.4","µg/ml","Home made","","","","2021-02-18","prep use Std Lot GR3361446-2. exp Jihène"
"Prep20210218_ApoE-L","ELISA ApoE QC3 (L)","ApoE","0.08","µg/ml","Home made","","","","2021-02-18","prep use Std Lot GR3361446-2. exp Jihène"
"Prep20210223_ApoE-H","ELISA ApoE QC1 (H)","ApoE","0.8","µg/ml","Home made","","","","2021-02-23","prep use Std Lot GR3361446-2. exp Jihène"
"Prep20210223_ApoE-M","ELISA ApoE QC2 (M)","ApoE","0.4","µg/ml","Home made","","","","2021-02-23","prep use Std Lot GR3361446-2. exp Jihène"
"Prep20210223_ApoE-L","ELISA ApoE QC3 (L)","ApoE","0.08","µg/ml","Home made","","","","2021-02-23","prep use Std Lot GR3361446-2. exp Jihène"
"Prep20210224_ApoE-H","ELISA ApoE QC1 (H)","ApoE","0.8","µg/ml","Home made","","","","2021-02-24","prep use Std Lot GR3361446-2. exp Jihène"
"Prep20210224_ApoE-M","ELISA ApoE QC2 (M)","ApoE","0.4","µg/ml","Home made","","","","2021-02-24","prep use Std Lot GR3361446-2. exp Jihène"
"Prep20210224_ApoE-L","ELISA ApoE QC3 (L)","ApoE","0.08","µg/ml","Home made","","","","2021-02-24","prep use Std Lot GR3361446-2. exp Jihène"
"Prep20210219_ApoE-H","ELISA ApoE QC1 (H)","ApoE","0.8","µg/ml","Home made","","","","2021-02-19","prep use Std Lot GR3361446-2. exp Jihène"
"Prep20210219_ApoE-M","ELISA ApoE QC2 (M)","ApoE","0.4","µg/ml","Home made","","","","2021-02-19","prep use Std Lot GR3361446-2. exp Jihène"
"Prep20210219_ApoE-L","ELISA ApoE QC3 (L)","ApoE","0.08","µg/ml","Home made","","","","2021-02-19","prep use Std Lot GR3361446-2. exp Jihène"
"Prep20210225_ApoE-H","ELISA ApoE QC1 (H)","ApoE","0.8","µg/ml","Home made","","","","2021-02-25","prep use Std Lot GR3361446-2. exp Jihène"
"Prep20210225_ApoE-M","ELISA ApoE QC2 (M)","ApoE","0.4","µg/ml","Home made","","","","2021-02-25","prep use Std Lot GR3361446-2. exp Jihène"
"Prep20210225_ApoE-L","ELISA ApoE QC3 (L)","ApoE","0.08","µg/ml","Home made","","","","2021-02-25","prep use Std Lot GR3361446-2. exp Jihène"
"Prep20210226_ApoE-H","ELISA ApoE QC1 (H)","ApoE","0.8","µg/ml","Home made","","","","2021-02-26","prep use Std Lot GR3361446-2. exp Jihène"
"Prep20210226_ApoE-M","ELISA ApoE QC2 (M)","ApoE","0.4","µg/ml","Home made","","","","2021-02-26","prep use Std Lot GR3361446-2. exp Jihène"
"Prep20210226_ApoE-L","ELISA ApoE QC3 (L)","ApoE","0.08","µg/ml","Home made","","","","2021-02-26","prep use Std Lot GR3361446-2. exp Jihène"
"Prep20210302_S100B-H","ELISA S100B QC1 (H)","S100B","4","ng/ml","Home made","","","","2021-03-02",""
"Prep20210302_S100B-M","ELISA S100B QC2 (M)","S100B","0.8","ng/ml","Home made","","","","2021-03-02",""
"Prep20210302_S100B-L","ELISA S100B QC3 (L)","S100B","0.2","ng/ml","Home made","","","","2021-03-02",""
"Prep20210303_S100B-H","ELISA S100B QC1 (H)","S100B","4","ng/ml","Home made","","","","2021-03-03",""
"Prep20210303_S100B-M","ELISA S100B QC2 (M)","S100B","0.8","ng/ml","Home made","","","","2021-03-03",""
"Prep20210303_S100B-L","ELISA S100B QC3 (L)","S100B","0.2","ng/ml","Home made","","","","2021-03-03",""
"Prep20210305_S100B-H","ELISA S100B QC1 (H)","S100B","4","ng/ml","Home made","","","","2021-03-05",""
"Prep20210305_S100B-M","ELISA S100B QC2 (M)","S100B","0.8","ng/ml","Home made","","","","2021-03-05",""
"Prep20210305_S100B-L","ELISA S100B QC3 (L)","S100B","0.2","ng/ml","Home made","","","","2021-03-05",""
"Y-013076","ELISA B2M QC1 (H)","B2M","1.51","mg/L","Purchased","BioVendor","D1405","","",""
"Y-013077","ELISA B2M QC3 (L)","B2M","0.29","mg/L","Purchased","BioVendor","D1406","","",""
"Y-013076(1/2)","ELISA B2M QC2 (M)","B2M","0.75","mg/L","Home made","","D1405(1/2)","","",""
"Prep20210331_BAFF-H","ELISA BAFF QC1 (H)","BAFF","2193","","Home made","","","","2021-03-31","prep by Jihène. Use Std"
"Prep20210331_BAFF-M","ELISA BAFF QC2 (M)","BAFF","1138","","Home made","","","","2021-03-31","prep by Jihène. Use Std"
"Prep20210331_BAFF-L","ELISA BAFF QC3 (L)","BAFF","472","","Home made","","","","2021-03-31","prep by Jihène. Use Std"
"Prep20210401_BAFF-H","ELISA BAFF QC1 (H)","BAFF","2193","","Home made","","","","2021-04-01","prep by Jihène. Use Std"
"Prep20210401_BAFF-M","ELISA BAFF QC2 (M)","BAFF","1138","","Home made","","","","2021-04-01","prep by Jihène. Use Std"
"Prep20210401_BAFF-L","ELISA BAFF QC3 (L)","BAFF","472","","Home made","","","","2021-04-01","prep by Jihène. Use Std"
"FreshApoE-H_0.8","ELISA ApoE QC1 (H)","ApoE","0.8","µg/ml","Home made","","","","","prep by Jihène. Use Std"
"FreshApoE-M_0.4","ELISA ApoE QC2 (M)","ApoE","0.4","µg/ml","Home made","","","","","prep by Jihène. Use Std"
"FreshApoE-L_0.08","ELISA ApoE QC3 (L)","ApoE","0.08","µg/ml","Home made","","","","","prep by Jihène. Use Std"
"FreshS100B-H_4","ELISA S100B QC1 (H)","S100B","4","ng/ml","Home made","","","","",""
"FreshS100B-M_0.8","ELISA S100B QC2 (M)","S100B","0.8","ng/ml","Home made","","","","",""
"FreshS100B-L_0.2","ELISA S100B QC3 (L)","S100B","0.2","ng/ml","Home made","","","","",""
"A00C0736","V-PLEX Proinfammatory P1 Mouse QC1 (H)","IFN-g","404","pg/ml","Purchased","Mesoscale","C0048-1","2025-09-30","",""
"A00C0736","V-PLEX Proinfammatory P1 Mouse QC1 (H)","IL-1b","629","pg/ml","Purchased","Mesoscale","C0048-1","2025-09-30","",""
"A00C0736","V-PLEX Proinfammatory P1 Mouse QC1 (H)","IL-2","825","pg/ml","Purchased","Mesoscale","C0048-1","2025-09-30","",""
"A00C0736","V-PLEX Proinfammatory P1 Mouse QC1 (H)","IL-4","434","pg/ml","Purchased","Mesoscale","C0048-1","2025-09-30","",""
"A00C0736","V-PLEX Proinfammatory P1 Mouse QC1 (H)","IL-5","376","pg/ml","Purchased","Mesoscale","C0048-1","2025-09-30","",""
"A00C0736","V-PLEX Proinfammatory P1 Mouse QC1 (H)","IL-6","1740","pg/ml","Purchased","Mesoscale","C0048-1","2025-09-30","",""
"A00C0736","V-PLEX Proinfammatory P1 Mouse QC1 (H)","KC/GRO","663","pg/ml","Purchased","Mesoscale","C0048-1","2025-09-30","",""
"A00C0736","V-PLEX Proinfammatory P1 Mouse QC1 (H)","IL-10","1010","pg/ml","Purchased","Mesoscale","C0048-1","2025-09-30","",""
"A00C0736","V-PLEX Proinfammatory P1 Mouse QC1 (H)","IL-12p70","14300","pg/ml","Purchased","Mesoscale","C0048-1","2025-09-30","",""
"A00C0736","V-PLEX Proinfammatory P1 Mouse QC1 (H)","TNF-a","149","pg/ml","Purchased","Mesoscale","C0048-1","2025-09-30","",""
"A00C0737","V-PLEX Proinfammatory P1 Mouse QC2 (M)","IFN-g","30.8","pg/ml","Purchased","Mesoscale","C0048-1","2025-09-30","",""
"A00C0737","V-PLEX Proinfammatory P1 Mouse QC2 (M)","IL-1b","46.1","pg/ml","Purchased","Mesoscale","C0048-1","2025-09-30","",""
"A00C0737","V-PLEX Proinfammatory P1 Mouse QC2 (M)","IL-2","64.2","pg/ml","Purchased","Mesoscale","C0048-1","2025-09-30","",""
"A00C0737","V-PLEX Proinfammatory P1 Mouse QC2 (M)","IL-4","74.6","pg/ml","Purchased","Mesoscale","C0048-1","2025-09-30","",""
"A00C0737","V-PLEX Proinfammatory P1 Mouse QC2 (M)","IL-5","58.1","pg/ml","Purchased","Mesoscale","C0048-1","2025-09-30","",""
"A00C0737","V-PLEX Proinfammatory P1 Mouse QC2 (M)","IL-6","192","pg/ml","Purchased","Mesoscale","C0048-1","2025-09-30","",""
"A00C0737","V-PLEX Proinfammatory P1 Mouse QC2 (M)","KC/GRO","107","pg/ml","Purchased","Mesoscale","C0048-1","2025-09-30","",""
"A00C0737","V-PLEX Proinfammatory P1 Mouse QC2 (M)","IL-10","334","pg/ml","Purchased","Mesoscale","C0048-1","2025-09-30","",""
"A00C0737","V-PLEX Proinfammatory P1 Mouse QC2 (M)","IL-12p70","3340","pg/ml","Purchased","Mesoscale","C0048-1","2025-09-30","",""
"A00C0737","V-PLEX Proinfammatory P1 Mouse QC2 (M)","TNF-a","29.6","pg/ml","Purchased","Mesoscale","C0048-1","2025-09-30","",""
"A00C0738","V-PLEX Proinfammatory P1 Mouse QC3 (L)","IFN-g","2.25","pg/ml","Purchased","Mesoscale","C0048-1","2025-09-30","",""
"A00C0738","V-PLEX Proinfammatory P1 Mouse QC3 (L)","IL-1b","4.37","pg/ml","Purchased","Mesoscale","C0048-1","2025-09-30","",""
"A00C0738","V-PLEX Proinfammatory P1 Mouse QC3 (L)","IL-2","5.4","pg/ml","Purchased","Mesoscale","C0048-1","2025-09-30","",""
"A00C0738","V-PLEX Proinfammatory P1 Mouse QC3 (L)","IL-4","14.4","pg/ml","Purchased","Mesoscale","C0048-1","2025-09-30","",""
"A00C0738","V-PLEX Proinfammatory P1 Mouse QC3 (L)","IL-5","9.79","pg/ml","Purchased","Mesoscale","C0048-1","2025-09-30","",""
"A00C0738","V-PLEX Proinfammatory P1 Mouse QC3 (L)","IL-6","27","pg/ml","Purchased","Mesoscale","C0048-1","2025-09-30","",""
"A00C0738","V-PLEX Proinfammatory P1 Mouse QC3 (L)","KC/GRO","17.7","pg/ml","Purchased","Mesoscale","C0048-1","2025-09-30","",""
"A00C0738","V-PLEX Proinfammatory P1 Mouse QC3 (L)","IL-10","99.4","pg/ml","Purchased","Mesoscale","C0048-1","2025-09-30","",""
"A00C0738","V-PLEX Proinfammatory P1 Mouse QC3 (L)","IL-12p70","828","pg/ml","Purchased","Mesoscale","C0048-1","2025-09-30","",""
"A00C0738","V-PLEX Proinfammatory P1 Mouse QC3 (L)","TNF-a","5.58","pg/ml","Purchased","Mesoscale","C0048-1","2025-09-30","",""
"A00C0774","V-PLEX Cytokine P1 QC1 (H)","GM-CSF","447","pg/ml","Purchased","Mesoscale","C4050-1","2026-04-30","",""
"A00C0774","V-PLEX Cytokine P1 QC1 (H)","IL-1a","173","pg/ml","Purchased","Mesoscale","C4050-1","2026-04-30","",""
"A00C0774","V-PLEX Cytokine P1 QC1 (H)","IL-5","334","pg/ml","Purchased","Mesoscale","C4050-1","2026-04-30","",""
"A00C0774","V-PLEX Cytokine P1 QC1 (H)","IL-7","348","pg/ml","Purchased","Mesoscale","C4050-1","2026-04-30","",""
"A00C0774","V-PLEX Cytokine P1 QC1 (H)","IL-12/23p40","1240","pg/ml","Purchased","Mesoscale","C4050-1","2026-04-30","",""
"A00C0774","V-PLEX Cytokine P1 QC1 (H)","IL-15","314","pg/ml","Purchased","Mesoscale","C4050-1","2026-04-30","",""
"A00C0774","V-PLEX Cytokine P1 QC1 (H)","IL-16","1160","pg/ml","Purchased","Mesoscale","C4050-1","2026-04-30","",""
"A00C0774","V-PLEX Cytokine P1 QC1 (H)","IL-17A","2650","pg/ml","Purchased","Mesoscale","C4050-1","2026-04-30","",""
"A00C0774","V-PLEX Cytokine P1 QC1 (H)","TNF-b","250","pg/ml","Purchased","Mesoscale","C4050-1","2026-04-30","",""
"A00C0774","V-PLEX Cytokine P1 QC1 (H)","VEGF","373","pg/ml","Purchased","Mesoscale","C4050-1","2026-04-30","",""
"A00C0775","V-PLEX Cytokine P1 QC2 (M)","GM-CSF","70.5","pg/ml","Purchased","Mesoscale","C4050-1","2026-04-30","",""
"A00C0775","V-PLEX Cytokine P1 QC2 (M)","IL-1a","56.1","pg/ml","Purchased","Mesoscale","C4050-1","2026-04-30","",""
"A00C0775","V-PLEX Cytokine P1 QC2 (M)","IL-5","108","pg/ml","Purchased","Mesoscale","C4050-1","2026-04-30","",""
"A00C0775","V-PLEX Cytokine P1 QC2 (M)","IL-7","55.8","pg/ml","Purchased","Mesoscale","C4050-1","2026-04-30","",""
"A00C0775","V-PLEX Cytokine P1 QC2 (M)","IL-12/23p40","189","pg/ml","Purchased","Mesoscale","C4050-1","2026-04-30","",""
"A00C0775","V-PLEX Cytokine P1 QC2 (M)","IL-15","45.6","pg/ml","Purchased","Mesoscale","C4050-1","2026-04-30","",""
"A00C0775","V-PLEX Cytokine P1 QC2 (M)","IL-16","327","pg/ml","Purchased","Mesoscale","C4050-1","2026-04-30","",""
"A00C0775","V-PLEX Cytokine P1 QC2 (M)","IL-17A","371","pg/ml","Purchased","Mesoscale","C4050-1","2026-04-30","",""
"A00C0775","V-PLEX Cytokine P1 QC2 (M)","TNF-b","41.6","pg/ml","Purchased","Mesoscale","C4050-1","2026-04-30","",""
"A00C0775","V-PLEX Cytokine P1 QC2 (M)","VEGF","126","pg/ml","Purchased","Mesoscale","C4050-1","2026-04-30","",""
"A00C0776","V-PLEX Cytokine P1 QC3 (L)","GM-CSF","10.7","pg/ml","Purchased","Mesoscale","C4050-1","2026-04-30","",""
"A00C0776","V-PLEX Cytokine P1 QC3 (L)","IL-1a","16","pg/ml","Purchased","Mesoscale","C4050-1","2026-04-30","",""
"A00C0776","V-PLEX Cytokine P1 QC3 (L)","IL-5","34.5","pg/ml","Purchased","Mesoscale","C4050-1","2026-04-30","",""
"A00C0776","V-PLEX Cytokine P1 QC3 (L)","IL-7","7.75","pg/ml","Purchased","Mesoscale","C4050-1","2026-04-30","",""
"A00C0776","V-PLEX Cytokine P1 QC3 (L)","IL-12/23p40","29.9","pg/ml","Purchased","Mesoscale","C4050-1","2026-04-30","",""
"A00C0776","V-PLEX Cytokine P1 QC3 (L)","IL-15","7.69","pg/ml","Purchased","Mesoscale","C4050-1","2026-04-30","",""
"A00C0776","V-PLEX Cytokine P1 QC3 (L)","IL-16","100","pg/ml","Purchased","Mesoscale","C4050-1","2026-04-30","",""
"A00C0776","V-PLEX Cytokine P1 QC3 (L)","IL-17A","51.2","pg/ml","Purchased","Mesoscale","C4050-1","2026-04-30","",""
"A00C0776","V-PLEX Cytokine P1 QC3 (L)","TNF-b","5.63","pg/ml","Purchased","Mesoscale","C4050-1","2026-04-30","",""
"A00C0776","V-PLEX Cytokine P1 QC3 (L)","VEGF","40.1","pg/ml","Purchased","Mesoscale","C4050-1","2026-04-30","",""
"A00C0743","V-PLEX Proinfammatory P1  QC1 (H)","IFN-g","580","pg/ml","Purchased","Mesoscale","C4049-1","2025-12-31","",""
"A00C0743","V-PLEX Proinfammatory P1  QC1 (H)","IL-1b","220","pg/ml","Purchased","Mesoscale","C4049-1","2025-12-31","",""
"A00C0743","V-PLEX Proinfammatory P1  QC1 (H)","IL-2","382","pg/ml","Purchased","Mesoscale","C4049-1","2025-12-31","",""
"A00C0743","V-PLEX Proinfammatory P1  QC1 (H)","IL-4","93.5","pg/ml","Purchased","Mesoscale","C4049-1","2025-12-31","",""
"A00C0743","V-PLEX Proinfammatory P1  QC1 (H)","IL-6","259","pg/ml","Purchased","Mesoscale","C4049-1","2025-12-31","",""
"A00C0743","V-PLEX Proinfammatory P1  QC1 (H)","IL-8","240","pg/ml","Purchased","Mesoscale","C4049-1","2025-12-31","",""
"A00C0743","V-PLEX Proinfammatory P1  QC1 (H)","IL-10","133","pg/ml","Purchased","Mesoscale","C4049-1","2025-12-31","",""
"A00C0743","V-PLEX Proinfammatory P1  QC1 (H)","IL-12p70","171","pg/ml","Purchased","Mesoscale","C4049-1","2025-12-31","",""
"A00C0743","V-PLEX Proinfammatory P1  QC1 (H)","IL-13","165","pg/ml","Purchased","Mesoscale","C4049-1","2025-12-31","",""
"A00C0743","V-PLEX Proinfammatory P1  QC1 (H)","TNF-a","77.8","pg/ml","Purchased","Mesoscale","C4049-1","2025-12-31","",""
"A00C0744","V-PLEX Proinfammatory P1  QC2 (M)","IFN-g","161","pg/ml","Purchased","Mesoscale","C4049-1","2025-12-31","",""
"A00C0744","V-PLEX Proinfammatory P1  QC2 (M)","IL-1b","52.2","pg/ml","Purchased","Mesoscale","C4049-1","2025-12-31","",""
"A00C0744","V-PLEX Proinfammatory P1  QC2 (M)","IL-2","39.8","pg/ml","Purchased","Mesoscale","C4049-1","2025-12-31","",""
"A00C0744","V-PLEX Proinfammatory P1  QC2 (M)","IL-4","19.1","pg/ml","Purchased","Mesoscale","C4049-1","2025-12-31","",""
"A00C0744","V-PLEX Proinfammatory P1  QC2 (M)","IL-6","47.5","pg/ml","Purchased","Mesoscale","C4049-1","2025-12-31","",""
"A00C0744","V-PLEX Proinfammatory P1  QC2 (M)","IL-8","37.9","pg/ml","Purchased","Mesoscale","C4049-1","2025-12-31","",""
"A00C0744","V-PLEX Proinfammatory P1  QC2 (M)","IL-10","25","pg/ml","Purchased","Mesoscale","C4049-1","2025-12-31","",""
"A00C0744","V-PLEX Proinfammatory P1  QC2 (M)","IL-12p70","32","pg/ml","Purchased","Mesoscale","C4049-1","2025-12-31","",""
"A00C0744","V-PLEX Proinfammatory P1  QC2 (M)","IL-13","45.1","pg/ml","Purchased","Mesoscale","C4049-1","2025-12-31","",""
"A00C0744","V-PLEX Proinfammatory P1  QC2 (M)","TNF-a","13.7","pg/ml","Purchased","Mesoscale","C4049-1","2025-12-31","",""
"A00C0745","V-PLEX Proinfammatory P1  QC3 (L)","IFN-g","42.5","pg/ml","Purchased","Mesoscale","C4049-1","2025-12-31","",""
"A00C0745","V-PLEX Proinfammatory P1  QC3 (L)","IL-1b","11","pg/ml","Purchased","Mesoscale","C4049-1","2025-12-31","",""
"A00C0745","V-PLEX Proinfammatory P1  QC3 (L)","IL-2","3.22","pg/ml","Purchased","Mesoscale","C4049-1","2025-12-31","",""
"A00C0745","V-PLEX Proinfammatory P1  QC3 (L)","IL-4","2.53","pg/ml","Purchased","Mesoscale","C4049-1","2025-12-31","",""
"A00C0745","V-PLEX Proinfammatory P1  QC3 (L)","IL-6","7.38","pg/ml","Purchased","Mesoscale","C4049-1","2025-12-31","",""
"A00C0745","V-PLEX Proinfammatory P1  QC3 (L)","IL-8","6.46","pg/ml","Purchased","Mesoscale","C4049-1","2025-12-31","",""
"A00C0745","V-PLEX Proinfammatory P1  QC3 (L)","IL-10","3.66","pg/ml","Purchased","Mesoscale","C4049-1","2025-12-31","",""
"A00C0745","V-PLEX Proinfammatory P1  QC3 (L)","IL-12p70","5.72","pg/ml","Purchased","Mesoscale","C4049-1","2025-12-31","",""
"A00C0745","V-PLEX Proinfammatory P1  QC3 (L)","IL-13","12","pg/ml","Purchased","Mesoscale","C4049-1","2025-12-31","",""
"A00C0745","V-PLEX Proinfammatory P1  QC3 (L)","TNF-a","2.15","pg/ml","Purchased","Mesoscale","C4049-1","2025-12-31","",""
"Prep20210907_BAFF-H","ELISA BAFF QC1 (H)","BAFF","2193","","Home made","","","","2021-09-07","prep by Jihène. Use Std"
"Prep20210907_BAFF-M","ELISA BAFF QC2 (M)","BAFF","1138","","Home made","","","","2021-09-07","prep by Jihène. Use Std"
"Prep20210907_BAFF-L","ELISA BAFF QC3 (L)","BAFF","472","","Home made","","","","2021-09-07","prep by Jihène. Use Std"
"Prep20210908_BAFF-H","ELISA BAFF QC1 (H)","BAFF","2193","","Home made","","","","2021-09-08","prep by Jihène. Use Std"
"Prep20210908_BAFF-M","ELISA BAFF QC2 (M)","BAFF","1138","","Home made","","","","2021-09-08","prep by Jihène. Use Std"
"Prep20210908_BAFF-L","ELISA BAFF QC3 (L)","BAFF","472","","Home made","","","","2021-09-08","prep by Jihène. Use Std"
"Prep20211014_splex-IL-1b-H","S-PLEX IL-1b QC1 (H)","IL-1b","16111.11","fg/ml","Home made","","Ry_MSD_QC_SplexIL-1b","","2021-10-14",""
"Prep20211014_splex-IL-1b-M","S-PLEX IL-1b QC2 (M)","IL-1b","1611.11","fg/ml","Home made","","Ry_MSD_QC_SplexIL-1b","","2021-10-14",""
"Prep20211014_splex-IL-1b-L","S-PLEX IL-1b QC3 (L)","IL-1b","161.11","fg/ml","Home made","","Ry_MSD_QC_SplexIL-1b","","2021-10-14",""
"FreshApoE-H_3.2","ELISA ApoE QC1 (H)","ApoE","3.2","µg/ml","Home made","","","","","exp20211117"
"FreshApoE-M_1.6","ELISA ApoE QC2 (M)","ApoE","1.6","µg/ml","Home made","","","","","exp20211117"
"FreshApoE-L_0.32","ELISA ApoE QC3 (L)","ApoE","0.32","µg/ml","Home made","","","","","exp20211117"
"A00C0749","V-PLEX Vascular Injury P2 QC1 (H)","SAA","48900","pg/ml","Purchased","Mesoscale","","2023-06-30","",""
"A00C0749","V-PLEX Vascular Injury P2 QC1 (H)","CRP","26100","pg/ml","Purchased","Mesoscale","","2023-06-30","",""
"A00C0749","V-PLEX Vascular Injury P2 QC1 (H)","VCAM-1","13500","pg/ml","Purchased","Mesoscale","","2023-06-30","",""
"A00C0749","V-PLEX Vascular Injury P2 QC1 (H)","ICAM-1","12700","pg/ml","Purchased","Mesoscale","","2023-06-30","",""
"A00C0750","V-PLEX Vascular Injury P2 QC2 (M)","SAA","4460","pg/ml","Purchased","Mesoscale","","2023-06-30","",""
"A00C0750","V-PLEX Vascular Injury P2 QC2 (M)","CRP","4890","pg/ml","Purchased","Mesoscale","","2023-06-30","",""
"A00C0750","V-PLEX Vascular Injury P2 QC2 (M)","VCAM-1","1150","pg/ml","Purchased","Mesoscale","","2023-06-30","",""
"A00C0750","V-PLEX Vascular Injury P2 QC2 (M)","ICAM-1","1260","pg/ml","Purchased","Mesoscale","","2023-06-30","",""
"A00C0751","V-PLEX Vascular Injury P2 QC3 (L)","SAA","548","pg/ml","Purchased","Mesoscale","","2023-06-30","",""
"A00C0751","V-PLEX Vascular Injury P2 QC3 (L)","CRP","630","pg/ml","Purchased","Mesoscale","","2023-06-30","",""
"A00C0751","V-PLEX Vascular Injury P2 QC3 (L)","VCAM-1","141","pg/ml","Purchased","Mesoscale","","2023-06-30","",""
"A00C0751","V-PLEX Vascular Injury P2 QC3 (L)","ICAM-1","144","pg/ml","Purchased","Mesoscale","","2023-06-30","",""
"A00C0777","V-PLEX Chemokine P1 QC1 (H)","Eotaxin","1760","pg/ml","Purchased","Mesoscale","C4047-1","2026-03-31","",""
"A00C0777","V-PLEX Chemokine P1 QC1 (H)","MIP-1b","690","pg/ml","Purchased","Mesoscale","C4047-1","2026-03-31","",""
"A00C0777","V-PLEX Chemokine P1 QC1 (H)","Eotaxin-3","3350","pg/ml","Purchased","Mesoscale","C4047-1","2026-03-31","",""
"A00C0777","V-PLEX Chemokine P1 QC1 (H)","TARC","2240","pg/ml","Purchased","Mesoscale","C4047-1","2026-03-31","",""
"A00C0777","V-PLEX Chemokine P1 QC1 (H)","IP-10","599","pg/ml","Purchased","Mesoscale","C4047-1","2026-03-31","",""
"A00C0777","V-PLEX Chemokine P1 QC1 (H)","MIP-1a","925","pg/ml","Purchased","Mesoscale","C4047-1","2026-03-31","",""
"A00C0777","V-PLEX Chemokine P1 QC1 (H)","IL-8(HA)","65000","pg/ml","Purchased","Mesoscale","C4047-1","2026-03-31","",""
"A00C0777","V-PLEX Chemokine P1 QC1 (H)","MCP-1","464","pg/ml","Purchased","Mesoscale","C4047-1","2026-03-31","",""
"A00C0777","V-PLEX Chemokine P1 QC1 (H)","MDC","3870","pg/ml","Purchased","Mesoscale","C4047-1","2026-03-31","",""
"A00C0777","V-PLEX Chemokine P1 QC1 (H)","MCP-4","670","pg/ml","Purchased","Mesoscale","C4047-1","2026-03-31","",""
"A00C0766","V-PLEX Chemokine P1 QC2 (M)","Eotaxin","634","pg/ml","Purchased","Mesoscale","C4047-1","2026-03-31","",""
"A00C0766","V-PLEX Chemokine P1 QC2 (M)","MIP-1b","122","pg/ml","Purchased","Mesoscale","C4047-1","2026-03-31","",""
"A00C0766","V-PLEX Chemokine P1 QC2 (M)","Eotaxin-3","511","pg/ml","Purchased","Mesoscale","C4047-1","2026-03-31","",""
"A00C0766","V-PLEX Chemokine P1 QC2 (M)","TARC","278","pg/ml","Purchased","Mesoscale","C4047-1","2026-03-31","",""
"A00C0766","V-PLEX Chemokine P1 QC2 (M)","IP-10","104","pg/ml","Purchased","Mesoscale","C4047-1","2026-03-31","",""
"A00C0766","V-PLEX Chemokine P1 QC2 (M)","MIP-1a","412","pg/ml","Purchased","Mesoscale","C4047-1","2026-03-31","",""
"A00C0766","V-PLEX Chemokine P1 QC2 (M)","IL-8(HA)","22600","pg/ml","Purchased","Mesoscale","C4047-1","2026-03-31","",""
"A00C0766","V-PLEX Chemokine P1 QC2 (M)","MCP-1","72.7","pg/ml","Purchased","Mesoscale","C4047-1","2026-03-31","",""
"A00C0766","V-PLEX Chemokine P1 QC2 (M)","MDC","2060","pg/ml","Purchased","Mesoscale","C4047-1","2026-03-31","",""
"A00C0766","V-PLEX Chemokine P1 QC2 (M)","MCP-4","234","pg/ml","Purchased","Mesoscale","C4047-1","2026-03-31","",""
"A00C0778","V-PLEX Chemokine P1 QC3 (L)","Eotaxin","196","pg/ml","Purchased","Mesoscale","C4047-1","2026-03-31","",""
"A00C0778","V-PLEX Chemokine P1 QC3 (L)","MIP-1b","20.6","pg/ml","Purchased","Mesoscale","C4047-1","2026-03-31","",""
"A00C0778","V-PLEX Chemokine P1 QC3 (L)","Eotaxin-3","74.3","pg/ml","Purchased","Mesoscale","C4047-1","2026-03-31","",""
"A00C0778","V-PLEX Chemokine P1 QC3 (L)","TARC","42.6","pg/ml","Purchased","Mesoscale","C4047-1","2026-03-31","",""
"A00C0778","V-PLEX Chemokine P1 QC3 (L)","IP-10","15.4","pg/ml","Purchased","Mesoscale","C4047-1","2026-03-31","",""
"A00C0778","V-PLEX Chemokine P1 QC3 (L)","MIP-1a","166","pg/ml","Purchased","Mesoscale","C4047-1","2026-03-31","",""
"A00C0778","V-PLEX Chemokine P1 QC3 (L)","IL-8(HA)","8620","pg/ml","Purchased","Mesoscale","C4047-1","2026-03-31","",""
"A00C0778","V-PLEX Chemokine P1 QC3 (L)","MCP-1","12.1","pg/ml","Purchased","Mesoscale","C4047-1","2026-03-31","",""
"A00C0778","V-PLEX Chemokine P1 QC3 (L)","MDC","869","pg/ml","Purchased","Mesoscale","C4047-1","2026-03-31","",""
"A00C0778","V-PLEX Chemokine P1 QC3 (L)","MCP-4","74.6","pg/ml","Purchased","Mesoscale","C4047-1","2026-03-31","",""
"Prep20220930_Calprotectin-H","R-PLEX Calprotectin QC1 (H)","Calprotectin","22222.22","pg/ml","Home made","","Ry_MSD_QC_Calprotectin","2024-10-31","2022-09-30",""
"Prep20220930_Calprotectin-M","R-PLEX Calprotectin QC2 (M)","Calprotectin","2222.22","pg/ml","Home made","","Ry_MSD_QC_Calprotectin","2024-10-31","2022-09-30",""
"Prep20220930_Calprotectin-L","R-PLEX Calprotectin QC3 (L)","Calprotectin","222.22","pg/ml","Home made","","Ry_MSD_QC_Calprotectin","2024-10-31","2022-09-30",""
"Y-016518","ELISA B2M QC1 (H)","B2M","1.69","mg/L","Purchased","BioVendor","D1405","","",""
"Y-016518(1/2)","ELISA B2M QC2 (M)","B2M","0.845","mg/L","Home made","","D1405(1/2)","","",""
"Y-016519","ELISA B2M QC3 (L)","B2M","0.27","mg/L","Purchased","BioVendor","D1406","","",""
"Prep20221024_HLAE-H","ELISA HLA-E QC1 (H)","HLA-E","150","pg/ml","Home made","","","","2022-10-24",""
"Prep20221024_HLAE-M","ELISA HLA-E QC2 (M)","HLA-E","40","pg/ml","Home made","","","","2022-10-24",""
"Prep20221024_HLAE-L","ELISA HLA-E QC3 (L)","HLA-E","20","pg/ml","Home made","","","","2022-10-24",""
"A00C0837","V-PLEX Cytokine P1 QC1 (H)","GM-CSF","456","pg/ml","Purchased","Mesoscale","C4050-1","2027-06-30","",""
"A00C0837","V-PLEX Cytokine P1 QC1 (H)","IL-1a","167","pg/ml","Purchased","Mesoscale","C4050-1","2027-06-30","",""
"A00C0837","V-PLEX Cytokine P1 QC1 (H)","IL-5","340","pg/ml","Purchased","Mesoscale","C4050-1","2027-06-30","",""
"A00C0837","V-PLEX Cytokine P1 QC1 (H)","IL-7","363","pg/ml","Purchased","Mesoscale","C4050-1","2027-06-30","",""
"A00C0837","V-PLEX Cytokine P1 QC1 (H)","IL-12/23p40","951","pg/ml","Purchased","Mesoscale","C4050-1","2027-06-30","",""
"A00C0837","V-PLEX Cytokine P1 QC1 (H)","IL-15","297","pg/ml","Purchased","Mesoscale","C4050-1","2027-06-30","",""
"A00C0837","V-PLEX Cytokine P1 QC1 (H)","IL-16","1020","pg/ml","Purchased","Mesoscale","C4050-1","2027-06-30","",""
"A00C0837","V-PLEX Cytokine P1 QC1 (H)","IL-17A","2360","pg/ml","Purchased","Mesoscale","C4050-1","2027-06-30","",""
"A00C0837","V-PLEX Cytokine P1 QC1 (H)","TNF-b","279","pg/ml","Purchased","Mesoscale","C4050-1","2027-06-30","",""
"A00C0837","V-PLEX Cytokine P1 QC1 (H)","VEGF","431","pg/ml","Purchased","Mesoscale","C4050-1","2027-06-30","",""
"A00C0838","V-PLEX Cytokine P1 QC2 (M)","GM-CSF","71.8","pg/ml","Purchased","Mesoscale","C4050-1","2027-06-30","",""
"A00C0838","V-PLEX Cytokine P1 QC2 (M)","IL-1a","58.8","pg/ml","Purchased","Mesoscale","C4050-1","2027-06-30","",""
"A00C0838","V-PLEX Cytokine P1 QC2 (M)","IL-5","117","pg/ml","Purchased","Mesoscale","C4050-1","2027-06-30","",""
"A00C0838","V-PLEX Cytokine P1 QC2 (M)","IL-7","65.1","pg/ml","Purchased","Mesoscale","C4050-1","2027-06-30","",""
"A00C0838","V-PLEX Cytokine P1 QC2 (M)","IL-12/23p40","210","pg/ml","Purchased","Mesoscale","C4050-1","2027-06-30","",""
"A00C0838","V-PLEX Cytokine P1 QC2 (M)","IL-15","48.8","pg/ml","Purchased","Mesoscale","C4050-1","2027-06-30","",""
"A00C0838","V-PLEX Cytokine P1 QC2 (M)","IL-16","318","pg/ml","Purchased","Mesoscale","C4050-1","2027-06-30","",""
"A00C0838","V-PLEX Cytokine P1 QC2 (M)","IL-17A","335","pg/ml","Purchased","Mesoscale","C4050-1","2027-06-30","",""
"A00C0838","V-PLEX Cytokine P1 QC2 (M)","TNF-b","43.6","pg/ml","Purchased","Mesoscale","C4050-1","2027-06-30","",""
"A00C0838","V-PLEX Cytokine P1 QC2 (M)","VEGF","144","pg/ml","Purchased","Mesoscale","C4050-1","2027-06-30","",""
"A00C0839","V-PLEX Cytokine P1 QC3 (L)","GM-CSF","11","pg/ml","Purchased","Mesoscale","C4050-1","2027-06-30","",""
"A00C0839","V-PLEX Cytokine P1 QC3 (L)","IL-1a","16.3","pg/ml","Purchased","Mesoscale","C4050-1","2027-06-30","",""
"A00C0839","V-PLEX Cytokine P1 QC3 (L)","IL-5","34.7","pg/ml","Purchased","Mesoscale","C4050-1","2027-06-30","",""
"A00C0839","V-PLEX Cytokine P1 QC3 (L)","IL-7","8.99","pg/ml","Purchased","Mesoscale","C4050-1","2027-06-30","",""
"A00C0839","V-PLEX Cytokine P1 QC3 (L)","IL-12/23p40","33.4","pg/ml","Purchased","Mesoscale","C4050-1","2027-06-30","",""
"A00C0839","V-PLEX Cytokine P1 QC3 (L)","IL-15","8.63","pg/ml","Purchased","Mesoscale","C4050-1","2027-06-30","",""
"A00C0839","V-PLEX Cytokine P1 QC3 (L)","IL-16","109","pg/ml","Purchased","Mesoscale","C4050-1","2027-06-30","",""
"A00C0839","V-PLEX Cytokine P1 QC3 (L)","IL-17A","45.4","pg/ml","Purchased","Mesoscale","C4050-1","2027-06-30","",""
"A00C0839","V-PLEX Cytokine P1 QC3 (L)","TNF-b","6.08","pg/ml","Purchased","Mesoscale","C4050-1","2027-06-30","",""
"A00C0839","V-PLEX Cytokine P1 QC3 (L)","VEGF","47.3","pg/ml","Purchased","Mesoscale","C4050-1","2027-06-30","",""
"A00C0818","V-PLEX Proinfammatory P1  QC1 (H)","IFN-g","496","pg/ml","Purchased","Mesoscale","C4049-1","2027-01-31","",""
"A00C0818","V-PLEX Proinfammatory P1  QC1 (H)","IL-1b","222","pg/ml","Purchased","Mesoscale","C4049-1","2027-01-31","",""
"A00C0818","V-PLEX Proinfammatory P1  QC1 (H)","IL-2","370","pg/ml","Purchased","Mesoscale","C4049-1","2027-01-31","",""
"A00C0818","V-PLEX Proinfammatory P1  QC1 (H)","IL-4","89.3","pg/ml","Purchased","Mesoscale","C4049-1","2027-01-31","",""
"A00C0818","V-PLEX Proinfammatory P1  QC1 (H)","IL-6","264","pg/ml","Purchased","Mesoscale","C4049-1","2027-01-31","",""
"A00C0818","V-PLEX Proinfammatory P1  QC1 (H)","IL-8","228","pg/ml","Purchased","Mesoscale","C4049-1","2027-01-31","",""
"A00C0818","V-PLEX Proinfammatory P1  QC1 (H)","IL-10","133","pg/ml","Purchased","Mesoscale","C4049-1","2027-01-31","",""
"A00C0818","V-PLEX Proinfammatory P1  QC1 (H)","IL-12p70","131","pg/ml","Purchased","Mesoscale","C4049-1","2027-01-31","",""
"A00C0818","V-PLEX Proinfammatory P1  QC1 (H)","IL-13","148","pg/ml","Purchased","Mesoscale","C4049-1","2027-01-31","",""
"A00C0818","V-PLEX Proinfammatory P1  QC1 (H)","TNF-a","90.3","pg/ml","Purchased","Mesoscale","C4049-1","2027-01-31","",""
"A00C0819","V-PLEX Proinfammatory P1  QC2 (M)","IFN-g","138","pg/ml","Purchased","Mesoscale","C4049-1","2027-01-31","",""
"A00C0819","V-PLEX Proinfammatory P1  QC2 (M)","IL-1b","54","pg/ml","Purchased","Mesoscale","C4049-1","2027-01-31","",""
"A00C0819","V-PLEX Proinfammatory P1  QC2 (M)","IL-2","37.2","pg/ml","Purchased","Mesoscale","C4049-1","2027-01-31","",""
"A00C0819","V-PLEX Proinfammatory P1  QC2 (M)","IL-4","19.1","pg/ml","Purchased","Mesoscale","C4049-1","2027-01-31","",""
"A00C0819","V-PLEX Proinfammatory P1  QC2 (M)","IL-6","46.8","pg/ml","Purchased","Mesoscale","C4049-1","2027-01-31","",""
"A00C0819","V-PLEX Proinfammatory P1  QC2 (M)","IL-8","36.2","pg/ml","Purchased","Mesoscale","C4049-1","2027-01-31","",""
"A00C0819","V-PLEX Proinfammatory P1  QC2 (M)","IL-10","26.8","pg/ml","Purchased","Mesoscale","C4049-1","2027-01-31","",""
"A00C0819","V-PLEX Proinfammatory P1  QC2 (M)","IL-12p70","28.3","pg/ml","Purchased","Mesoscale","C4049-1","2027-01-31","",""
"A00C0819","V-PLEX Proinfammatory P1  QC2 (M)","IL-13","45.2","pg/ml","Purchased","Mesoscale","C4049-1","2027-01-31","",""
"A00C0819","V-PLEX Proinfammatory P1  QC2 (M)","TNF-a","15.1","pg/ml","Purchased","Mesoscale","C4049-1","2027-01-31","",""
"A00C0820","V-PLEX Proinfammatory P1  QC3 (L)","IFN-g","30","pg/ml","Purchased","Mesoscale","C4049-1","2027-01-31","",""
"A00C0820","V-PLEX Proinfammatory P1  QC3 (L)","IL-1b","10.8","pg/ml","Purchased","Mesoscale","C4049-1","2027-01-31","",""
"A00C0820","V-PLEX Proinfammatory P1  QC3 (L)","IL-2","2.89","pg/ml","Purchased","Mesoscale","C4049-1","2027-01-31","",""
"A00C0820","V-PLEX Proinfammatory P1  QC3 (L)","IL-4","2.48","pg/ml","Purchased","Mesoscale","C4049-1","2027-01-31","",""
"A00C0820","V-PLEX Proinfammatory P1  QC3 (L)","IL-6","7.3","pg/ml","Purchased","Mesoscale","C4049-1","2027-01-31","",""
"A00C0820","V-PLEX Proinfammatory P1  QC3 (L)","IL-8","5.39","pg/ml","Purchased","Mesoscale","C4049-1","2027-01-31","",""
"A00C0820","V-PLEX Proinfammatory P1  QC3 (L)","IL-10","3.47","pg/ml","Purchased","Mesoscale","C4049-1","2027-01-31","",""
"A00C0820","V-PLEX Proinfammatory P1  QC3 (L)","IL-12p70","7.7","pg/ml","Purchased","Mesoscale","C4049-1","2027-01-31","",""
"A00C0820","V-PLEX Proinfammatory P1  QC3 (L)","IL-13","11.7","pg/ml","Purchased","Mesoscale","C4049-1","2027-01-31","",""
"A00C0820","V-PLEX Proinfammatory P1  QC3 (L)","TNF-a","1.85","pg/ml","Purchased","Mesoscale","C4049-1","2027-01-31","",""
"A00C0811","V-PLEX Chemokine P1 QC1 (H)","Eotaxin","1770","pg/ml","Purchased","Mesoscale","C4047-1","2026-11-30","",""
"A00C0811","V-PLEX Chemokine P1 QC1 (H)","MIP-1b","968","pg/ml","Purchased","Mesoscale","C4047-1","2026-11-30","",""
"A00C0811","V-PLEX Chemokine P1 QC1 (H)","Eotaxin-3","5420","pg/ml","Purchased","Mesoscale","C4047-1","2026-11-30","",""
"A00C0811","V-PLEX Chemokine P1 QC1 (H)","TARC","1640","pg/ml","Purchased","Mesoscale","C4047-1","2026-11-30","",""
"A00C0811","V-PLEX Chemokine P1 QC1 (H)","IP-10","771","pg/ml","Purchased","Mesoscale","C4047-1","2026-11-30","",""
"A00C0811","V-PLEX Chemokine P1 QC1 (H)","MIP-1a","1030","pg/ml","Purchased","Mesoscale","C4047-1","2026-11-30","",""
"A00C0811","V-PLEX Chemokine P1 QC1 (H)","IL-8(HA)","61000","pg/ml","Purchased","Mesoscale","C4047-1","2026-11-30","",""
"A00C0811","V-PLEX Chemokine P1 QC1 (H)","MCP-1","470","pg/ml","Purchased","Mesoscale","C4047-1","2026-11-30","",""
"A00C0811","V-PLEX Chemokine P1 QC1 (H)","MDC","4660","pg/ml","Purchased","Mesoscale","C4047-1","2026-11-30","",""
"A00C0811","V-PLEX Chemokine P1 QC1 (H)","MCP-4","568","pg/ml","Purchased","Mesoscale","C4047-1","2026-11-30","",""
"A00C0812","V-PLEX Chemokine P1 QC2 (M)","Eotaxin","632","pg/ml","Purchased","Mesoscale","C4047-1","2026-11-30","",""
"A00C0812","V-PLEX Chemokine P1 QC2 (M)","MIP-1b","164","pg/ml","Purchased","Mesoscale","C4047-1","2026-11-30","",""
"A00C0812","V-PLEX Chemokine P1 QC2 (M)","Eotaxin-3","647","pg/ml","Purchased","Mesoscale","C4047-1","2026-11-30","",""
"A00C0812","V-PLEX Chemokine P1 QC2 (M)","TARC","274","pg/ml","Purchased","Mesoscale","C4047-1","2026-11-30","",""
"A00C0812","V-PLEX Chemokine P1 QC2 (M)","IP-10","116","pg/ml","Purchased","Mesoscale","C4047-1","2026-11-30","",""
"A00C0812","V-PLEX Chemokine P1 QC2 (M)","MIP-1a","397","pg/ml","Purchased","Mesoscale","C4047-1","2026-11-30","",""
"A00C0812","V-PLEX Chemokine P1 QC2 (M)","IL-8(HA)","21400","pg/ml","Purchased","Mesoscale","C4047-1","2026-11-30","",""
"A00C0812","V-PLEX Chemokine P1 QC2 (M)","MCP-1","75.2","pg/ml","Purchased","Mesoscale","C4047-1","2026-11-30","",""
"A00C0812","V-PLEX Chemokine P1 QC2 (M)","MDC","2000","pg/ml","Purchased","Mesoscale","C4047-1","2026-11-30","",""
"A00C0812","V-PLEX Chemokine P1 QC2 (M)","MCP-4","226","pg/ml","Purchased","Mesoscale","C4047-1","2026-11-30","",""
"A00C0813","V-PLEX Chemokine P1 QC3 (L)","Eotaxin","195","pg/ml","Purchased","Mesoscale","C4047-1","2026-11-30","",""
"A00C0813","V-PLEX Chemokine P1 QC3 (L)","MIP-1b","28.4","pg/ml","Purchased","Mesoscale","C4047-1","2026-11-30","",""
"A00C0813","V-PLEX Chemokine P1 QC3 (L)","Eotaxin-3","93.4","pg/ml","Purchased","Mesoscale","C4047-1","2026-11-30","",""
"A00C0813","V-PLEX Chemokine P1 QC3 (L)","TARC","43.3","pg/ml","Purchased","Mesoscale","C4047-1","2026-11-30","",""
"A00C0813","V-PLEX Chemokine P1 QC3 (L)","IP-10","17.3","pg/ml","Purchased","Mesoscale","C4047-1","2026-11-30","",""
"A00C0813","V-PLEX Chemokine P1 QC3 (L)","MIP-1a","165","pg/ml","Purchased","Mesoscale","C4047-1","2026-11-30","",""
"A00C0813","V-PLEX Chemokine P1 QC3 (L)","IL-8(HA)","8060","pg/ml","Purchased","Mesoscale","C4047-1","2026-11-30","",""
"A00C0813","V-PLEX Chemokine P1 QC3 (L)","MCP-1","11.8","pg/ml","Purchased","Mesoscale","C4047-1","2026-11-30","",""
"A00C0813","V-PLEX Chemokine P1 QC3 (L)","MDC","937","pg/ml","Purchased","Mesoscale","C4047-1","2026-11-30","",""
"A00C0813","V-PLEX Chemokine P1 QC3 (L)","MCP-4","75.3","pg/ml","Purchased","Mesoscale","C4047-1","2026-11-30","",""
"A00C0789","V-PLEX Vascular Injury P2 QC1 (H)","SAA","48300","pg/ml","Purchased","Mesoscale","C4198-1","2024-02-29","",""
"A00C0789","V-PLEX Vascular Injury P2 QC1 (H)","CRP","23500","pg/ml","Purchased","Mesoscale","C4198-1","2024-02-29","",""
"A00C0789","V-PLEX Vascular Injury P2 QC1 (H)","VCAM-1","13100","pg/ml","Purchased","Mesoscale","C4198-1","2024-02-29","",""
"A00C0789","V-PLEX Vascular Injury P2 QC1 (H)","ICAM-1","12200","pg/ml","Purchased","Mesoscale","C4198-1","2024-02-29","",""
"A00C0790","V-PLEX Vascular Injury P2 QC2 (M)","SAA","4920","pg/ml","Purchased","Mesoscale","C4198-1","2024-02-29","",""
"A00C0790","V-PLEX Vascular Injury P2 QC2 (M)","CRP","4530","pg/ml","Purchased","Mesoscale","C4198-1","2024-02-29","",""
"A00C0790","V-PLEX Vascular Injury P2 QC2 (M)","VCAM-1","1160","pg/ml","Purchased","Mesoscale","C4198-1","2024-02-29","",""
"A00C0790","V-PLEX Vascular Injury P2 QC2 (M)","ICAM-1","1300","pg/ml","Purchased","Mesoscale","C4198-1","2024-02-29","",""
"A00C0791","V-PLEX Vascular Injury P2 QC3 (L)","SAA","856","pg/ml","Purchased","Mesoscale","C4198-1","2024-02-29","",""
"A00C0791","V-PLEX Vascular Injury P2 QC3 (L)","CRP","550","pg/ml","Purchased","Mesoscale","C4198-1","2024-02-29","",""
"A00C0791","V-PLEX Vascular Injury P2 QC3 (L)","VCAM-1","152","pg/ml","Purchased","Mesoscale","C4198-1","2024-02-29","",""
"A00C0791","V-PLEX Vascular Injury P2 QC3 (L)","ICAM-1","159","pg/ml","Purchased","Mesoscale","C4198-1","2024-02-29","",""
"A00C0840","V-PLEX Proinfammatory P1  QC1 (H)","IFN-g","510","pg/ml","Purchased","Mesoscale","C4049-1","2027-07-31","",""
"A00C0840","V-PLEX Proinfammatory P1  QC1 (H)","IL-1b","223","pg/ml","Purchased","Mesoscale","C4049-1","2027-07-31","",""
"A00C0840","V-PLEX Proinfammatory P1  QC1 (H)","IL-2","403","pg/ml","Purchased","Mesoscale","C4049-1","2027-07-31","",""
"A00C0840","V-PLEX Proinfammatory P1  QC1 (H)","IL-4","105","pg/ml","Purchased","Mesoscale","C4049-1","2027-07-31","",""
"A00C0840","V-PLEX Proinfammatory P1  QC1 (H)","IL-6","265","pg/ml","Purchased","Mesoscale","C4049-1","2027-07-31","",""
"A00C0840","V-PLEX Proinfammatory P1  QC1 (H)","IL-8","251","pg/ml","Purchased","Mesoscale","C4049-1","2027-07-31","",""
"A00C0840","V-PLEX Proinfammatory P1  QC1 (H)","IL-10","139","pg/ml","Purchased","Mesoscale","C4049-1","2027-07-31","",""
"A00C0840","V-PLEX Proinfammatory P1  QC1 (H)","IL-12p70","183","pg/ml","Purchased","Mesoscale","C4049-1","2027-07-31","",""
"A00C0840","V-PLEX Proinfammatory P1  QC1 (H)","IL-13","163","pg/ml","Purchased","Mesoscale","C4049-1","2027-07-31","",""
"A00C0840","V-PLEX Proinfammatory P1  QC1 (H)","TNF-a","84.1","pg/ml","Purchased","Mesoscale","C4049-1","2027-07-31","",""
"A00C0841","V-PLEX Proinfammatory P1  QC2 (M)","IFN-g","136","pg/ml","Purchased","Mesoscale","C4049-1","2027-07-31","",""
"A00C0841","V-PLEX Proinfammatory P1  QC2 (M)","IL-1b","53.8","pg/ml","Purchased","Mesoscale","C4049-1","2027-07-31","",""
"A00C0841","V-PLEX Proinfammatory P1  QC2 (M)","IL-2","39.5","pg/ml","Purchased","Mesoscale","C4049-1","2027-07-31","",""
"A00C0841","V-PLEX Proinfammatory P1  QC2 (M)","IL-4","20.9","pg/ml","Purchased","Mesoscale","C4049-1","2027-07-31","",""
"A00C0841","V-PLEX Proinfammatory P1  QC2 (M)","IL-6","48.3","pg/ml","Purchased","Mesoscale","C4049-1","2027-07-31","",""
"A00C0841","V-PLEX Proinfammatory P1  QC2 (M)","IL-8","39.2","pg/ml","Purchased","Mesoscale","C4049-1","2027-07-31","",""
"A00C0841","V-PLEX Proinfammatory P1  QC2 (M)","IL-10","26.4","pg/ml","Purchased","Mesoscale","C4049-1","2027-07-31","",""
"A00C0841","V-PLEX Proinfammatory P1  QC2 (M)","IL-12p70","32.8","pg/ml","Purchased","Mesoscale","C4049-1","2027-07-31","",""
"A00C0841","V-PLEX Proinfammatory P1  QC2 (M)","IL-13","43.3","pg/ml","Purchased","Mesoscale","C4049-1","2027-07-31","",""
"A00C0841","V-PLEX Proinfammatory P1  QC2 (M)","TNF-a","16.8","pg/ml","Purchased","Mesoscale","C4049-1","2027-07-31","",""
"A00C0842","V-PLEX Proinfammatory P1  QC3 (L)","IFN-g","40.3","pg/ml","Purchased","Mesoscale","C4049-1","2027-07-31","",""
"A00C0842","V-PLEX Proinfammatory P1  QC3 (L)","IL-1b","10.6","pg/ml","Purchased","Mesoscale","C4049-1","2027-07-31","",""
"A00C0842","V-PLEX Proinfammatory P1  QC3 (L)","IL-2","3.33","pg/ml","Purchased","Mesoscale","C4049-1","2027-07-31","",""
"A00C0842","V-PLEX Proinfammatory P1  QC3 (L)","IL-4","3.02","pg/ml","Purchased","Mesoscale","C4049-1","2027-07-31","",""
"A00C0842","V-PLEX Proinfammatory P1  QC3 (L)","IL-6","7.51","pg/ml","Purchased","Mesoscale","C4049-1","2027-07-31","",""
"A00C0842","V-PLEX Proinfammatory P1  QC3 (L)","IL-8","6.62","pg/ml","Purchased","Mesoscale","C4049-1","2027-07-31","",""
"A00C0842","V-PLEX Proinfammatory P1  QC3 (L)","IL-10","3.9","pg/ml","Purchased","Mesoscale","C4049-1","2027-07-31","",""
"A00C0842","V-PLEX Proinfammatory P1  QC3 (L)","IL-12p70","6.42","pg/ml","Purchased","Mesoscale","C4049-1","2027-07-31","",""
"A00C0842","V-PLEX Proinfammatory P1  QC3 (L)","IL-13","11.8","pg/ml","Purchased","Mesoscale","C4049-1","2027-07-31","",""
"A00C0842","V-PLEX Proinfammatory P1  QC3 (L)","TNF-a","2.03","pg/ml","Purchased","Mesoscale","C4049-1","2027-07-31","",""
"A00C0876","V-PLEX Vascular Injury P2 QC1 (H)","SAA","60700","pg/ml","Purchased","Mesoscale","C4687-1","2025-07-31","",""
"A00C0876","V-PLEX Vascular Injury P2 QC1 (H)","CRP","23600","pg/ml","Purchased","Mesoscale","C4687-1","2025-07-31","",""
"A00C0876","V-PLEX Vascular Injury P2 QC1 (H)","VCAM-1","12400","pg/ml","Purchased","Mesoscale","C4687-1","2025-07-31","",""
"A00C0876","V-PLEX Vascular Injury P2 QC1 (H)","ICAM-1","11500","pg/ml","Purchased","Mesoscale","C4687-1","2025-07-31","",""
"A00C0877","V-PLEX Vascular Injury P2 QC2 (M)","SAA","5520","pg/ml","Purchased","Mesoscale","C4687-1","2025-07-31","",""
"A00C0877","V-PLEX Vascular Injury P2 QC2 (M)","CRP","4680","pg/ml","Purchased","Mesoscale","C4687-1","2025-07-31","",""
"A00C0877","V-PLEX Vascular Injury P2 QC2 (M)","VCAM-1","1130","pg/ml","Purchased","Mesoscale","C4687-1","2025-07-31","",""
"A00C0877","V-PLEX Vascular Injury P2 QC2 (M)","ICAM-1","1200","pg/ml","Purchased","Mesoscale","C4687-1","2025-07-31","",""
"A00C0878","V-PLEX Vascular Injury P2 QC3 (L)","SAA","305","pg/ml","Purchased","Mesoscale","C4687-1","2025-07-31","",""
"A00C0878","V-PLEX Vascular Injury P2 QC3 (L)","CRP","507","pg/ml","Purchased","Mesoscale","C4687-1","2025-07-31","",""
"A00C0878","V-PLEX Vascular Injury P2 QC3 (L)","VCAM-1","135","pg/ml","Purchased","Mesoscale","C4687-1","2025-07-31","",""
"A00C0878","V-PLEX Vascular Injury P2 QC3 (L)","ICAM-1","139","pg/ml","Purchased","Mesoscale","C4687-1","2025-07-31","",""
"P214787","ELISA CD14 QC1 (H)","CD14","4009","pg/ml","Purchased","R&D Systems","QC20","","",""
"P214783","ELISA CD14 QC2 (M)","CD14","2065","pg/ml","Purchased","R&D Systems","QC20","","",""
"P214780","ELISA CD14 QC3 (L)","CD14","808.5","pg/ml","Purchased","R&D Systems","QC20","","",""
"Prep20230925_LPS-H","ELISA LPS QC1 (H)","LPS","75","ng/ml","Home made","","","","2023-09-25",""
"Prep20230925_LPS-M","ELISA LPS QC2 (M)","LPS","30","ng/ml","Home made","","","","2023-09-25",""
"Prep20230925_LPS-L","ELISA LPS QC3 (L)","LPS","10","ng/ml","Home made","","","","2023-09-25",""
"Prep20230929_LPS-H","ELISA LPS QC1 (H)","LPS","75","ng/ml","Home made","","","","2023-09-29",""
"Prep20230929_LPS-M","ELISA LPS QC2 (M)","LPS","30","ng/ml","Home made","","","","2023-09-29",""
"Prep20230929_LPS-L","ELISA LPS QC3 (L)","LPS","10","ng/ml","Home made","","","","2023-09-29",""
"Prep20230908_Zonu-H","ELISA Zonulin QC1 (H)","Zonulin","15","ng/ml","Home made","","","","2023-09-08",""
"Prep20230908_Zonu-M","ELISA Zonulin QC2 (M)","Zonulin","5","ng/ml","Home made","","","","2023-09-08",""
"Prep20230908_Zonu-L","ELISA Zonulin QC3 (L)","Zonulin","1","ng/ml","Home made","","","","2023-09-08",""
"1682037","ELISA BAFF QC1 (H)","BAFF","2312","pg/ml","Purchased","R&D Systems","QC46","","",""
"1682036","ELISA BAFF QC2 (M)","BAFF","1189.5","pg/ml","Purchased","R&D Systems","QC46","","",""
"1682035","ELISA BAFF QC3 (L)","BAFF","514.5","pg/ml","Purchased","R&D Systems","QC46","","",""
"Y-017407","ELISA B2M QC1 (H)","B2M","1.54","mg/L","Purchased","BioVendor","D1405","","",""
"Y-017407(1/2)","ELISA B2M QC2 (M)","B2M","0.77","mg/L","Home made","","D1405(1/2)","","",""
"Y-017408","ELISA B2M QC3 (L)","B2M","0.27","mg/L","Purchased","BioVendor","D1406","","",""
"A00C0870","V-PLEX Proinfammatory P1  QC1 (H)","IFN-g","523","pg/ml","Purchased","Mesoscale","C4049-1","2028-02-29","",""
"A00C0870","V-PLEX Proinfammatory P1  QC1 (H)","IL-1b","225","pg/ml","Purchased","Mesoscale","C4049-1","2028-02-29","",""
"A00C0870","V-PLEX Proinfammatory P1  QC1 (H)","IL-2","329","pg/ml","Purchased","Mesoscale","C4049-1","2028-02-29","",""
"A00C0870","V-PLEX Proinfammatory P1  QC1 (H)","IL-4","112","pg/ml","Purchased","Mesoscale","C4049-1","2028-02-29","",""
"A00C0870","V-PLEX Proinfammatory P1  QC1 (H)","IL-6","229","pg/ml","Purchased","Mesoscale","C4049-1","2028-02-29","",""
"A00C0870","V-PLEX Proinfammatory P1  QC1 (H)","IL-8","297","pg/ml","Purchased","Mesoscale","C4049-1","2028-02-29","",""
"A00C0870","V-PLEX Proinfammatory P1  QC1 (H)","IL-10","137","pg/ml","Purchased","Mesoscale","C4049-1","2028-02-29","",""
"A00C0870","V-PLEX Proinfammatory P1  QC1 (H)","IL-12p70","177","pg/ml","Purchased","Mesoscale","C4049-1","2028-02-29","",""
"A00C0870","V-PLEX Proinfammatory P1  QC1 (H)","IL-13","156","pg/ml","Purchased","Mesoscale","C4049-1","2028-02-29","",""
"A00C0870","V-PLEX Proinfammatory P1  QC1 (H)","TNF-a","81.5","pg/ml","Purchased","Mesoscale","C4049-1","2028-02-29","",""
"A00C0871","V-PLEX Proinfammatory P1  QC2 (M)","IFN-g","139","pg/ml","Purchased","Mesoscale","C4049-1","2028-02-29","",""
"A00C0871","V-PLEX Proinfammatory P1  QC2 (M)","IL-1b","55.5","pg/ml","Purchased","Mesoscale","C4049-1","2028-02-29","",""
"A00C0871","V-PLEX Proinfammatory P1  QC2 (M)","IL-2","38.4","pg/ml","Purchased","Mesoscale","C4049-1","2028-02-29","",""
"A00C0871","V-PLEX Proinfammatory P1  QC2 (M)","IL-4","20.4","pg/ml","Purchased","Mesoscale","C4049-1","2028-02-29","",""
"A00C0871","V-PLEX Proinfammatory P1  QC2 (M)","IL-6","47.6","pg/ml","Purchased","Mesoscale","C4049-1","2028-02-29","",""
"A00C0871","V-PLEX Proinfammatory P1  QC2 (M)","IL-8","35.5","pg/ml","Purchased","Mesoscale","C4049-1","2028-02-29","",""
"A00C0871","V-PLEX Proinfammatory P1  QC2 (M)","IL-10","24.6","pg/ml","Purchased","Mesoscale","C4049-1","2028-02-29","",""
"A00C0871","V-PLEX Proinfammatory P1  QC2 (M)","IL-12p70","32.8","pg/ml","Purchased","Mesoscale","C4049-1","2028-02-29","",""
"A00C0871","V-PLEX Proinfammatory P1  QC2 (M)","IL-13","42.2","pg/ml","Purchased","Mesoscale","C4049-1","2028-02-29","",""
"A00C0871","V-PLEX Proinfammatory P1  QC2 (M)","TNF-a","18.4","pg/ml","Purchased","Mesoscale","C4049-1","2028-02-29","",""
"A00C0872","V-PLEX Proinfammatory P1  QC3 (L)","IFN-g","39.7","pg/ml","Purchased","Mesoscale","C4049-1","2028-02-29","",""
"A00C0872","V-PLEX Proinfammatory P1  QC3 (L)","IL-1b","12.2","pg/ml","Purchased","Mesoscale","C4049-1","2028-02-29","",""
"A00C0872","V-PLEX Proinfammatory P1  QC3 (L)","IL-2","4.4","pg/ml","Purchased","Mesoscale","C4049-1","2028-02-29","",""
"A00C0872","V-PLEX Proinfammatory P1  QC3 (L)","IL-4","3.02","pg/ml","Purchased","Mesoscale","C4049-1","2028-02-29","",""
"A00C0872","V-PLEX Proinfammatory P1  QC3 (L)","IL-6","7.82","pg/ml","Purchased","Mesoscale","C4049-1","2028-02-29","",""
"A00C0872","V-PLEX Proinfammatory P1  QC3 (L)","IL-8","6.09","pg/ml","Purchased","Mesoscale","C4049-1","2028-02-29","",""
"A00C0872","V-PLEX Proinfammatory P1  QC3 (L)","IL-10","3.85","pg/ml","Purchased","Mesoscale","C4049-1","2028-02-29","",""
"A00C0872","V-PLEX Proinfammatory P1  QC3 (L)","IL-12p70","5.94","pg/ml","Purchased","Mesoscale","C4049-1","2028-02-29","",""
"A00C0872","V-PLEX Proinfammatory P1  QC3 (L)","IL-13","12.6","pg/ml","Purchased","Mesoscale","C4049-1","2028-02-29","",""
"A00C0872","V-PLEX Proinfammatory P1  QC3 (L)","TNF-a","2.35","pg/ml","Purchased","Mesoscale","C4049-1","2028-02-29","",""
"Y-018725","ELISA B2M QC1 (H)","B2M","1.26","mg/L","Purchased","BioVendor","D1405","2025-04-30","",""
"Y-018725(1/2)","ELISA B2M QC2 (M)","B2M","0.63","mg/L","Home made","","D1405(1/2)","2025-04-30","",""
"Y-018726","ELISA B2M QC3 (L)","B2M","0.29","mg/L","Purchased","BioVendor","D1406","2025-04-30","",""
"Y-020729","ELISA B2M QC1 (H)","B2M","1.49","mg/L","Purchased","BioVendor","D1405","2026-06-30","",""
"Y-020729(1/2)","ELISA B2M QC2 (M)","B2M","0.745","mg/L","Home made","","D1405(1/2)","2026-06-30","",""
"Y-020730","ELISA B2M QC3 (L)","B2M","0.29","mg/L","Purchased","BioVendor","D1406","2026-06-30","",""
"Prep20250424H","ELISA IFABP QC1 (H)","IFABP","450","pg/ml","Home made","","","","2025-04-24","prep use Std Lot P370406 (?). exp20250424."
"Prep20250424M","ELISA IFABP QC2 (M)","IFABP","150","pg/ml","Home made","","","","2025-04-24","prep use Std Lot P370406 (?). exp20250424."
"Prep20250424L","ELISA IFABP QC3 (L)","IFABP","50","pg/ml","Home made","","","","2025-04-24","prep use Std Lot P370406 (?). exp20250424."
"Prep20250426_LPS-H","ELISA LPS QC1 (H)","LPS","75","ng/ml","Home made","","","","2025-04-26","exp20250426"
"Prep20250426_LPS-M","ELISA LPS QC2 (M)","LPS","30","ng/ml","Home made","","","","2025-04-26","exp20250426"
"Prep20250426_LPS-L","ELISA LPS QC3 (L)","LPS","10","ng/ml","Home made","","","","2025-04-26","exp20250426"
"Prep20250428_LPS-H","ELISA LPS QC1 (H)","LPS","75","ng/ml","Home made","","","","2025-04-28","exp20250428"
"Prep20250428_LPS-M","ELISA LPS QC2 (M)","LPS","30","ng/ml","Home made","","","","2025-04-28","exp20250428"
"Prep20250428_LPS-L","ELISA LPS QC3 (L)","LPS","10","ng/ml","Home made","","","","2025-04-28","exp20250428"
"Prep20250430_Zonu_H","ELISA Zonulin QC1 (H)","Zonulin","15","ng/ml","Home made","","","","2025-04-30","exp20250430"
"Prep20250430_Zonu_M","ELISA Zonulin QC2 (M)","Zonulin","5","ng/ml","Home made","","","","2025-04-30","exp20250430"
"Prep20250430_Zonu_L","ELISA Zonulin QC3 (L)","Zonulin","1","ng/ml","Home made","","","","2025-04-30","exp20250430"